,,,
조별과제,참여자 이름,대화 유형,내용
1,A(1),대답,네
1,A(1),대답,네
1,A(1),대답,네
1,A(1),대답,네
1,A(1),대답,네
1,A(1),대답,네
1,A(1),대답,네
1,A(1),대답,넵
1,A(1),대답,네
1,A(1),대답,제가 6이랑 7할게요
1,A(1),대답,네
1,A(1),대답,넵
1,A(1),의견 및 일정 조율,저 그때 ktx 타서 안 되는데 오후 10시나 아니몀 7시 이전에 가능하신가요?
1,A(1),의견 및 일정 조율,저 8시 안 되면 오후 2시나 오후 11시 20분 쯤에 가능할 것 같아요
1,A(1),의견 및 일정 조율,슬랙 허들로 오면 되나요
1,A(1),의견 및 일정 조율,언제ㅠ어디서 포스터 만들기 시작하나요?
1,A(1),의견 및 일정 조율,프린트 하는 거는 다음주 월요일에 가지고 오는 거였나요?
1,A(1),의견 및 일정 조율,혹시 지금 이현님 전화 가능하신 분 계신가요? 아까 저 저녁 약속에 갔을때 이현님이랑 만났었는데 술을 많이 드신것 같아요
1,A(1),의견 및 일정 조율,대충 한 사람당 2개 포스터 평가 쓰고 개인 평가 각자 일요일 밤 11시 전까지 하는거 어때요?
1,A(1),의견 및 일정 조율,내일 Uss 오는 시간 그대로죠?
1,A(1),의견,만나서 하면 허들을 안 켜도 되지 않나요?
1,A(1),의견,어떤거 수정하면 되나요?
1,A(1),의견,가능하면 지금할 수 있나요?
1,A(1),의견,ai나 번역기 안쓰셨죠? 안썼는데 ai 표절로 뜨면 어떻게 하냐고 물어볼게요
1,A(1),의견,그리고 지피티가 쓴거 띄어쓰기 형식이 달라서 지피티가 쓴거 그대로 복붙하면 바로 걸린데요 한번 다른데에 똑같이 쓰고 복붙하는게 좋을 것 같아요
1,A(1),의견,causes 돌려볼게요
1,A(1),의견,제가 다시 고쳐볼게요
1,A(1),의견,그 copykiller 말고 GPTzero로 돌려보니까 95퍼 human 이라고 뜨는데 뭘 믿어야 할까요?
1,A(1),의견,어떻게 해야하지
1,A(1),의견,잠시만요 빠진거 없나 다시 확인할게요
1,A(1),의견,어떤거 하면 되나요
1,A(1),의견,ai라고 쓰여 있던거 고쳐봤는데 어떤가요
1,A(1),의견,한번 바꿔보고 전체 문서 돌려볼가요?
1,A(1),의견,안되어있기는 한데 그부분 빼고 수정해 볼까요?
1,A(1),의견,일요일에 할까요?
1,A(1),의견,저번에 했던거 복붙하면 되나요?
1,A(1),자료,혹시 모르님가 이 사진 포함에서 오늘했던거 다 올려도 될것 같아요
1,A(1),자료,https://docs.google.com/presentation/d/1yuveTADLB00GugvTGqjLMHnvDu9sxFAX/edit?slide=id.p1#slide=id.p1
1,A(1),자료,사진
1,A(1),자료,https://docs.google.com/document/d/1vzsP0omX-VsQXfpGG48d2yxxFFhXfM1i/edit?usp=sharing&ouid=110083953321775785040&rtpof=true&sd=true
1,A(1),자료,사진
1,A(1),자료,근데 올려주신 사진 보면 포스터에 assigned role 쓰라고 되어있는 것 같은데 맞나요?
1,A(1),자료,사진
1,A(1),자료,사진
1,A(1),자료,사진
1,A(1),자료,사진
1,A(1),자료,사진
1,A(1),자료,사진
1,A(1),자료,사진
1,A(1),자료,사진
1,A(1),자료,표절율 48에서 10퍼센트 떨어졌긴 한데 why this matter 부분이랑 solution 부분에서 ai 떠요
1,A(1),자료,사진
1,A(1),자료,사진
1,A(1),자료,사진
1,A(1),자료,오늘 11시 전까지 포스터랑 표 다씁시다
1,A(1),자료,https://www.canva.com/design/DAGqxy_RzBE/DGoaYzPn1MhxGihSFKbAJg/edit
1,A(1),자료,사진
1,A(1),자료,이현님 표도 채워야해요
1,A(1),자료,lxp에 제출했고 comment에 링크 달게요
1,A(1),자료,사진
1,A(1),자료,이 표?
1,A(1),자료,사진
1,A(1),잡담,.
1,A(1),잡담,이미 오후 11시로정한거 아니였나요
1,A(1),잡담,6시쯤 되나요
1,A(1),잡담,"저 1, 2번 볼게요"
1,A(1),잡담,저 8시 안 될 것 같아요
1,A(1),잡담,Design Thinking Framework:
1,A(1),잡담,법학관에서 만나는게 아닌가요 인터넷으로 하나요?
1,A(1),잡담,3층어떤가요?
1,A(1),잡담,이거 포스터 다 만들면 여기에도 써야되나요?
1,A(1),잡담,포스터는 끝인가요?
1,A(1),잡담,한번 물어볼까요?
1,A(1),잡담,바꿨어요
1,A(1),잡담,이거 써주세요
1,A(1),잡담,Students’ signatures 이거 보면 학생들의 사인도 받아야 할 것 같아요
1,A(1),잡담,많으면 점수 깎인다는 내용이 있나요?
1,A(1),잡담,한번 물어볼까요?
1,A(1),잡담,저희 ai 검사 48펀데 줄여야할 것 같아요
1,A(1),잡담,solution이랑 why this matter 부분에서 높게 나왔어요
1,A(1),잡담,이 부분 말고는 ai 안떠요
1,A(1),잡담,causes도 높게 나왔어요
1,A(1),잡담,그 다시 쓰신 것도 ai 100percent 떴어요 ㅠㅠ
1,A(1),잡담,100퍼센트 떠요 ㅠㅠ
1,A(1),잡담,카피킬러는 100퍼라고 떠여
1,A(1),잡담,이미 내셨나요?
1,A(1),잡담,turnitin ai 안 뜨지 않나요 저번에 scientific report쓸때 아예 안떴었어요
1,A(1),잡담,이거 바꾸신 거 아니였어요? 포스터에 그대로 있던데
1,A(1),잡담,여기 사인에 칸마다 각자 이름 적어주시면 될 것 같아요
1,A(1),잡담,근데 students 의 사인이니까 각자 쓴 글에 모든 조원들이 써인해야하는 거 아니에요?
1,A(1),잡담,저는 노트에 손으로 쓴거 이미지로 올렸어요
1,A(1),잡담,이현님 solution 부분 고치는거 했나요?
1,A(1),잡담,그 이현님이 ai가 썼다고 되어있는 solution 부분 9시에서 10시 사이에 하신다고 하셨는데 아직 안 끝나셨나요?
1,A(1),잡담,처음에 포함시켰던 다른조 꺼가 뭐에요?
1,A(1),잡담,피드백을 어디에 써요?
1,A(1),잡담,그 솔루션 부분 ai가 쓴 것 같다고 한 부분인데 그거 아직 안 고친거 같아요 제가 고칠까요?
1,A(1),잡담,딱히 없는 것 같아요 내면 될 것 같아요
1,A(1),잡담,turnitin에도 내야하나요?
1,A(1),잡담,제가 lxp에 낼게요
1,A(1),잡담,감사합니다(하하)
1,A(1),잡담,:0
1,A(1),잡담,오 14퍼센트
1,A(1),잡담,(감동)
1,A(1),잡담,혹시 쓰는거 그룹 6789남았나요?
1,A(1),잡담,다 했어요
1,A(1),잡담,그룹 질문이랑 reasoning이랑 individual role reflection 다 썼어요
1,A(1),잡담,그 포스터 붙일 테이프 있나요?
1,A(1),잡담,이모티콘
1,A(1),잡담,2시 전까지 포스터 붙여야해요
1,A(1),잡담,빨리 와주세요
1,B(1),대답,일단 제출은 월요일 11시 59분이네요
1,B(1),대답,좋아요
1,B(1),대답,"네 예시, 비유, 출처 최소 1개씩이요"
1,B(1),대답,좋아요
1,B(1),대답,아 다른 조 프레젠테이션 보고 하는 활동이네여
1,B(1),대답,넵
1,B(1),대답,정말 죄송합니다.. 난감하네요..
1,B(1),대답,넵.. 여러 분께 불편을 끼쳐서 죄송합니다
1,B(1),대답,넵
1,B(1),대답,네
1,B(1),대답,잘 된 것 같네요
1,B(1),대답,"저 8,9할게요"
1,B(1),대답,이번엔 pre class homework없는 것 같네요
1,B(1),대답,네
1,B(1),대답,아 넵
1,B(1),대답,이건 지켜야 하는 것 같네요
1,B(1),대답,시간 남으면 stakeholder를 찾아보도록 할게요
1,B(1),대답,미로 캡쳐 제출해도 될 거 같네여
1,B(1),대답,네
1,B(1),대답,다른 조 내용 포함시키는 거 빠졌네요
1,B(1),대답,solution에 gmo가 안되는 이유가 명시돼 있지 않네요
1,B(1),대답,이거 좋을 것 같네요
1,B(1),대답,아 다행이네요!
1,B(1),대답,요런 내용의 표를 따로 저희가 만들어서 함께 제출해야 한다고 하네요
1,B(1),대답,네ㅠㅠ
1,B(1),대답,ㅋㅋㅋㅋㅋㅋㅋㅋㅋㅋ 우리 조가 모든 조 중에서 역대급으로 적극적이네요
1,B(1),대답,맞아요 이 사이트는 원래 낮게 나와요
1,B(1),대답,네 혹시 모르니까 사인 형식으로 해주세요
1,B(1),대답,네 해야죠
1,B(1),대답,연락이 안됩니다..
1,B(1),대답,표는 다 된 것 같네요
1,B(1),대답,네 감사합니다ㅠㅠ
1,B(1),대답,네 냅시당
1,B(1),대답,네
1,B(1),대답,이 과제도 있네요
1,B(1),대답,네
1,B(1),대답,네
1,B(1),대답,넵 그럼 다 된 것 같습니다
1,B(1),대답,넵
1,B(1),대답,네 맞아요
1,B(1),대답,제가 쓴 게 아니라 잘 모르겠네요
1,B(1),대답,네
1,B(1),의견 및 일정 조율,그 슬랙 제너럴에 있어여
1,B(1),의견 및 일정 조율,줌으로 해도 돼요
1,B(1),의견 및 일정 조율,만나서 줌으로 하는 거 어때요
1,B(1),의견 및 일정 조율,이거 수업 시간에 조 전체 반대로 결론 났으니까
1,B(1),의견 및 일정 조율,줌이든 허들이든 증거를 남겨야 한다고 나와있어요
1,B(1),의견 및 일정 조율,다 본 다음에 슬랙 허들에서 만날까요?
1,B(1),의견 및 일정 조율,여러분 9조 껄 보는 게 아예 불가능하더라고요
1,B(1),의견 및 일정 조율,슬랙 허들로 해야 할 것 같아요
1,B(1),의견 및 일정 조율,그거 수업 시간에 하는 거 아닌가요?
1,B(1),의견 및 일정 조율,저희 슬랙에서도 대화를 해봐용
1,B(1),의견 및 일정 조율,허들로 할 거면
1,B(1),의견 및 일정 조율,오늘까지 제출인데 허거덩거덩
1,B(1),의견 및 일정 조율,월요일 제출이래요
1,B(1),의견 및 일정 조율,전 내일은 다 되고 일요일은 대충 12시부터 2시까지 돼요
1,B(1),의견 및 일정 조율,아님 모든 걸 다 상의하진 말고 파트를 분배해서 쓰면 시간을 단축할 수 있을 것 같아요
1,B(1),의견 및 일정 조율,우리 반 슬랙에 공지가 안됐을 뿐
1,B(1),의견,줌 화면 공유로 녹화해서 하면 직접 만나서 찍는 것보다 깔끔하고 슬라이드도 깔끔하게 보이지 않을까요?
1,B(1),의견,근데 다른 조 미로 보드가 이렇게 아무것도 안 뜨는데 어떻게 하면 내용 볼 수 있나요?ㅜㅜ
1,B(1),의견,도아 언니가 10조 하면 될 것 같아요
1,B(1),의견,수요일까지 미로보드 핑크색 채우기
1,B(1),의견,Interactive workshop handouts확인하시면
1,B(1),의견,포스터 한 명 당 분량을 어느 정도 준비하면 될까요?
1,B(1),의견,어떻게 할까요?
1,B(1),의견,잠시만요 한 번 확인해볼게요
1,B(1),의견,음.. 일단 제가 사진 하나 찾아서 끼워 넣느라 배치를 바꿔야 할 것 같아요
1,B(1),의견,이거 하면 추가 점수 준대요! 할까요?
1,B(1),의견,reflection table에 칸이랑 사인 채우는 거 안 끝났어요
1,B(1),의견,뭘 수정해야 하죠?
1,B(1),의견,제가 채우고 있으니
1,B(1),의견,이렇게 하면 될 것 같아용
1,B(1),의견,이렇게 하면 되네요
1,B(1),의견,turnitin에는 한 조에 1개씩만 제출하면 되나요?
1,B(1),의견,저번에 했던 표 그대로 복붙하면 되겠네요
1,B(1),자료,사진
1,B(1),자료,사진
1,B(1),자료,사진
1,B(1),자료,사진
1,B(1),자료,구글 번역기도 ai로 간주.
1,B(1),자료,사진
1,B(1),자료,파일: Worksheet_How much do you know about your favorite bread.docx
1,B(1),자료,사진
1,B(1),자료,사진
1,B(1),자료,개인 피피티도 하이퍼링크 없고 주제 틀리고 걍 웹사이트 긁어 오고 독스 접근 권한 막아서..
1,B(1),자료,사진
1,B(1),자료,사진
1,B(1),자료,파일: WK 16 - Rubric and Checklist_250611_092639.pdf
1,B(1),자료,사진
1,B(1),자료,이걸 해서 사진 찍어서 붙이래요
1,B(1),자료,사진
1,B(1),자료,파일: #4_ Your favorite bread _ Capstone Project_250601_192124.pdf
1,B(1),자료,파일: WK 16 - Rubric and Checklist_250611_092639.pdf
1,B(1),자료,사진
1,B(1),자료,사진
1,B(1),자료,사진
1,B(1),자료,사진
1,B(1),자료,사진
1,B(1),자료,사진
1,B(1),자료,사진
1,B(1),자료,사진
1,B(1),자료,그럼 제가 solution에 대한 visual prototype 비슷한 사진을 찾아서 넣을게요
1,B(1),자료,사진
1,B(1),자료,사진 끼워넣었구요 나머지는 원래 배치로 돌려놓을게요
1,B(1),자료,여기서 말하는 information은 표 내용을 말하는 거고
1,B(1),자료,사진
1,B(1),자료,사진
1,B(1),자료,링크 예전 거 뜰어가신 듯요
1,B(1),자료,https://www.canva.com/design/DAGqxy_RzBE/DGoaYzPn1MhxGihSFKbAJg/edit
1,B(1),자료,https://docs.google.com/document/d/1vzsP0omX-VsQXfpGG48d2yxxFFhXfM1i/edit
1,B(1),자료,사진
1,B(1),자료,"파일: Good, Most Optimal Choice.pdf"
1,B(1),자료,사진
1,B(1),자료,사진
1,B(1),자료,role 표도 lxp에 내야죠
1,B(1),자료,이거 다른 조원들은 turnitin에 낼 필요 없겠죠? 내봤자 표절률 올라가니까..
1,B(1),자료,https://miro.com/app/board/uXjVIuGOnGQ=/?moveToWidget=3458764630211396138&cot=14
1,B(1),자료,월요일에 저희가 포스터를 발표하는 건가요?
1,B(1),자료,사진
1,B(1),자료,그룹 질문 다 완성되면 생명 반 단톡에 있는 링크에 복붙합시다
1,B(1),자료,Lxp랑 단톡 독스 링크에 둘 다 된 건가요?
1,B(1),자료,https://docs.google.com/document/d/1Uk58L_b33efeKeUjSH5Cu2SAm5IeXwyPP322uH4gb-0/edit?tab=t.ilu9v6xucspk
1,B(1),잡담,저희 9일까지 presentation영상 찍어서 제출해야 해요
1,B(1),잡담,그리고 1페이지 요약도 미로에 만들어야 해요
1,B(1),잡담,만약 줄여야 한다면 참고문헌은 말하지 맙시다
1,B(1),잡담,글구 미로에 출처 쓰는 거 apa 형식으로 인용하는 거 아닌가요?
1,B(1),잡담,찬반 인원 밸런스 맞춰야 합니다
1,B(1),잡담,유진씨는 반대
1,B(1),잡담,전 찬성했습니다
1,B(1),잡담,이거 채워주세요
1,B(1),잡담,저 이건 뭐하는 건가요?
1,B(1),잡담,여러분 저 stdt 조가 5시에 꼭 모여야 한다고 해서 저 좀 늦을 것 같아요. 죄송합니다ㅠㅠ
1,B(1),잡담,방금 stdt 조가 똑같이 말했어요....ㅎㅎㅠㅠ
1,B(1),잡담,아.. 어떡하죠..? stdt가 지금 빠질 수 있는 분위기가 아니라..
1,B(1),잡담,진짜 최대한 빨리 갈게요ㅠㅠ
1,B(1),잡담,법학관 앞에서 캠페인 하는 영상 찍는 거라 엄청 오래 걸릴 것 같진 않아요..
1,B(1),잡담,법도 지하요?
1,B(1),잡담,넴
1,B(1),잡담,저 stdt가 방금 끝났습니다
1,B(1),잡담,다 반대로 쓰는 건가요..?
1,B(1),잡담,감사합니당
1,B(1),잡담,일단 주말엔 힘들 것 같습니다
1,B(1),잡담,음.. 이거는 주말에 시작하는 게 나을 것 같으면 그렇게 합시다
1,B(1),잡담,아뇨ㅠㅠ
1,B(1),잡담,이거죠?
1,B(1),잡담,6시 돼요
1,B(1),잡담,"전 2시, 11시 20분 둘다 돼요"
1,B(1),잡담,아 해결됐어요
1,B(1),잡담,영상 안 올렸고
1,B(1),잡담,진짜 무슨 work를 한 건지 알 길이 없어요..
1,B(1),잡담,전 8조만 하고.. 9조를 왜 할 수 없었는지 사유를 적을 테니..
1,B(1),잡담,이거요
1,B(1),잡담,11시 아니었나요? 11시 20분이라고 상의한 적은 없었던 것 같은데
1,B(1),잡담,그런 20분에 합시다
1,B(1),잡담,저 근데 저희가 이걸 했다는 증거를 남겨야 하기 때문에
1,B(1),잡담,포스터 개인별 qna로 평가함
1,B(1),잡담,그래서 포스터 내용을 모두 알고 있어야
1,B(1),잡담,1. 권도현
1,B(1),잡담,다른 겁니다
1,B(1),잡담,단계적인 거에요
1,B(1),잡담,저희 역할을 이렇게 나눠야 하는 것 같은데요?
1,B(1),잡담,흠.. 알겠습니다
1,B(1),잡담,여기에 평가 기준 같은 거 있습니다
1,B(1),잡담,어제 저랑 유진씨가 했는데
1,B(1),잡담,유진씨 플라스미드 완성된 건가요?
1,B(1),잡담,기준 지킬 게 많더라고요 다 숙지하고 합시당
1,B(1),잡담,다른 조가 gmo 조사한 내용도 포함
1,B(1),잡담,시켜야 해요
1,B(1),잡담,어떤 조는 미리캔버스? 쓰는 것 같더라고요
1,B(1),잡담,음..problem statement에 넣는 게 가장 적합하지 않을까요
1,B(1),잡담,그럼 따로 칸을 만듭시다
1,B(1),잡담,제가 cause를 맡았는데 cause를 짧게 하기로 했으니..
1,B(1),잡담,제출했어요
1,B(1),잡담,ㅇㄴ 근데 미리캔버스는 공유 기능이 없는데
1,B(1),잡담,그럼 만나서 할 건가요?
1,B(1),잡담,전 만나는 게 더 나을 것 같긴 해요
1,B(1),잡담,Causes of Global Hunger
1,B(1),잡담,이거 조에서 1개 하는 거 맞죠?
1,B(1),잡담,다른 조는 한 사람당 한 개 하길래..
1,B(1),잡담,interactive workshop handouts에는 조별 1개라는 것 같긴 해요
1,B(1),잡담,괜찮겠죠..?
1,B(1),잡담,저희가 맞는 것 같긴 해요..
1,B(1),잡담,Reflection을 why it matters와 관련되게 쓰는 거 아니었나요?
1,B(1),잡담,이게 solution에 대한 기준이기 때문에 또 명시해야 할 것 같아요
1,B(1),잡담,이게 solution에 대한 조건이니 solution안에 적어야죠
1,B(1),잡담,분량 제한 없어요
1,B(1),잡담,저희 그림이 visual prototype or labeled concept sketch로 성립하겠...죠?
1,B(1),잡담,요거슬 해야합니데이
1,B(1),잡담,그거 외에는 포스터 딱히 고칠 것 없는 것 같아요 아마도
1,B(1),잡담,그런 것 같습니다
1,B(1),잡담,일단 이현씨 끝내면 말해주시구요
1,B(1),잡담,ㅇㅎ
1,B(1),잡담,휴
1,B(1),잡담,포스터에는 여기 나온 것처럼 이름과 역할 정도로 쓰는 거에요
1,B(1),잡담,저희 출처가 총 7개인데요?
1,B(1),잡담,출처 7개인데 괜찮겠죠..?
1,B(1),잡담,없어용
1,B(1),잡담,전 괜찮을 것 같은데 유진 씨가 걱정되면 물어보죠
1,B(1),잡담,누가 무슨 인용을 했다를 증명해야 하니까 여기에 간단히 씁시다
1,B(1),잡담,causes도 다시 쓸까요?ㅠㅠㅠㅠ
1,B(1),잡담,그래서 저도 지금 최대한 유치하게 바꾸고 있어요
1,B(1),잡담,causes 고쳤어요
1,B(1),잡담,와... 내가 얼마나 문장 퀄을 떨어뜨렸는데ㅠㅠ
1,B(1),잡담,다른 계정 파서 또 제출한다는 사람을 본 적 있어요
1,B(1),잡담,원래 다양한 사이트 별로 천차만별로 떠요
1,B(1),잡담,그럼 미리 turnitin에 넣진 맙시다
1,B(1),잡담,근데 여기서 causes 원래 버전 넣으신 것 같은데요?
1,B(1),잡담,여기에 각자 뭘 인용한 건지 간단하게 씁시다
1,B(1),잡담,한 사람 당 한 개 이상 인용한 거 알 수 있게
1,B(1),잡담,전 다했어요
1,B(1),잡담,전 사인 넣었습니다
1,B(1),잡담,acdt처럼 각자 본인 사인 넣는 거 같은데요?
1,B(1),잡담,정 걱정되면 걍 다 넣을까요?
1,B(1),잡담,저도요
1,B(1),잡담,여기 보시면 저희 올린 거 있어요
1,B(1),잡담,헐.. 제가 해볼게요
1,B(1),잡담,ㅠㅠㅠㅠㅠㅠ
1,B(1),잡담,일단 지금 집에 가고 있는 것 같은데..
1,B(1),잡담,음.. 일단 유진 씨 사인 다 넣어주세용
1,B(1),잡담,여러분 이거 해주실 수 있나요? 가산점 준대요
1,B(1),잡담,흠... 처음에 포함시켰던 다른 조 꺼 참고하기 아닐까요?
1,B(1),잡담,저도 더 찾아볼게요
1,B(1),잡담,다른 조 거 구하는 중이에요
1,B(1),잡담,다른 분들도 구할 수 있으면 구해 봐요ㅠㅠ
1,B(1),잡담,걍 톡으로 서로 알려준 담에 저희 거랑 연관시킬 만한 거에 ~조를 참고했다/영감을 얻었다/피드백을 받았다
1,B(1),잡담,포스터에 쓰라는 것 같아요
1,B(1),잡담,다른 조 거 받았어요
1,B(1),잡담,이걸 저희 무료 급식이랑 연관지으면 좋을 것 같아요
1,B(1),잡담,이건 뭔가요?
1,B(1),잡담,오 제 아이디어보다 좋은 것 가타요
1,B(1),잡담,퍼센트가 내려간다면야.. 넘 좋죠
1,B(1),잡담,제 꺼에는 제출됐다고 안 떠서
1,B(1),잡담,와!!!! 대박
1,B(1),잡담,수고하셨습니다
1,B(1),잡담,아님 모든 학생들이 돌아다니면서 포스터 구경하고 qna만 하는 건가요?
1,B(1),잡담,감사합니다
1,B(1),잡담,넴
1,B(1),잡담,유진씨
1,B(1),잡담,eggplant그룹에 쓰신 질문에 대한 답이
1,B(1),잡담,이미 포스터에 보면 있더라구요
1,B(1),잡담,여러분 개인 질문 만들기 과제 삭제됐대요
1,B(1),잡담,다른 반 학생이 질문했는데
1,B(1),잡담,교수님이 그 과제 없앴대요
1,B(1),잡담,여러분 저희도 생명 반 단톡에 있는 거 합시당
1,B(1),잡담,저도 다 했어요
1,B(1),잡담,이게 저희 생명 반 조별 전체 질문 모은 겁니다
1,B(1),잡담,오메
1,B(1),잡담,수고하셨습니다
1,B(1),잡담,"In the poster, you said that the Bacillus thuringiensis gene is dangerous to rats. But how can we know about human-effects? And what about other GMO foods that don’t have it ?"
1,B(1),잡담,라는 질문이 있는데
1,B(1),잡담,이거 다른 조랑 혼동한 질문인 것 같아요
1,B(1),잡담,우리 조에 들어올 질문입니다
1,B(1),잡담,Ai 안 걸리려고 그런 거 아닐까요?
1,C(1),대답,전 됩니다
1,C(1),대답,넵
1,C(1),대답,네
1,C(1),대답,네
1,C(1),대답,네
1,C(1),대답,넵
1,C(1),대답,넵
1,C(1),대답,아 허들을 슬랙이라고 잘못 말했네요.
1,C(1),대답,넵
1,C(1),대답,네 그래야 하는 것 같아요
1,C(1),대답,gmo안되는 이유 따로 써도 된다고 하시네요
1,C(1),대답,네
1,C(1),대답,넵
1,C(1),대답,이거 항목도 그대로 인걸 보니까 맞는 것 같네요
1,C(1),대답,그거 붙여 넣었늕데 한번 다시 제출할게요
1,C(1),의견 및 일정 조율,일요일 저녁쯤에 가능하신 분 있으신가요?
1,C(1),의견 및 일정 조율,내일도 안되나요?
1,C(1),의견 및 일정 조율,일요일 오후 8시 정도에 괜찮으신가요?
1,C(1),의견 및 일정 조율,이건 월요일 수업 전까지에요
1,C(1),의견 및 일정 조율,근데 다른 조 프레젠테이션을 어디서 보는지를 모르겠어서 우선 슬랙에 질문을 올려놨어요
1,C(1),의견 및 일정 조율,내일 8시쯤에 하는건가요?
1,C(1),의견 및 일정 조율,내일 한 오후 2시쯤에 가능한가요?
1,C(1),의견 및 일정 조율,오늘 한 11시 쯤에 줌으로 허들로 만날까요?
1,C(1),의견 및 일정 조율,다들 슬랙 허들로 들어와주세요
1,C(1),의견 및 일정 조율,오늘 몇시에 모이는게 좋을까요?
1,C(1),의견 및 일정 조율,오늘 이거 수업 끝나자마자 바로 슬랙으로 포스터 만들건가요?
1,C(1),의견 및 일정 조율,법학관 몇층에서 만날까요?
1,C(1),의견 및 일정 조율,우선 슬랙에 1시 혹은 2시까지 포스터를 가져오라는 말을 보니 월요일 까지가 맞는 것 같아요
1,C(1),의견 및 일정 조율,저희 Group and Self Evaluation 이거 일요일 까지 해야되요
1,C(1),의견 및 일정 조율,일요일에 허들로 할 건가요?
1,C(1),의견 및 일정 조율,"내일 돌아다니면서 물어보고, 그 질문에 대한 답변들 을 슬랙에 올려야 하는 것 같은데 저희 오늘 쓴 문서에서 자신이 쓴 question을 질문하는 게 어때요? 서로 질문한 게 겹치면 좀 곤란해질 것 같아서요"
1,C(1),의견,그러면 일요일 쯤에 가능할까요? 제가 토요일에 다른 조별과제가 있어서...
1,C(1),의견,한 사람당 한 슬라이드라고 하는데 제목 제외하면 아직 슬라이드 4개여서요
1,C(1),의견,수요일 까지 포스터 만들어야 하는데 언제 토의할까요?
1,C(1),의견,그리고 how much do you know about your favorite bread 이거 채우려면 각자 몇조꺼 볼지 정한 후 다른 조원이 자신이 본 것에대해 궁금해 하는 것을 적어야 해서 이것도 언제 짧게라도 줌으로 만나야 항 것 같아요
1,C(1),의견,how much이거 채우는 건 월요일 까지인데 이것도 힘든가요?
1,C(1),의견,how much~ 이 워크시트 내일 채우는게 좋을 것 같은데 혹시 내일 되는 시간이 언제이신가요?
1,C(1),의견,네 오늘 잠시 만나서 서로 질문/답 하면서 워크시트 채우는 게 좋을 것 같아요
1,C(1),의견,한번 확인 한 다음 괜찮은 것 같으면 제출해도 될 것 같아요
1,C(1),의견,밑의 링크에 가서 why this matter 여기만 채우면 되뇨
1,C(1),의견,음... 정 불안하면 해결책에 제시된 것 중 하나의 그림을 찾아서 포스터 안에 넣어도 되기는 해요
1,C(1),의견,지금 제가 지하철 안이라서 혹시 제 역할을 'visualization finder'이런 식으로 바꿔 주실 수 있나요? citation이 1 사람 당 1 개 라고 하는데 gmo critic 이렇게 쓰면 gmo 이부분에 인용이 2개라서 좀 불안해서요.
1,C(1),의견,저희 제출할까요?
1,C(1),의견,"솔루션에 대한 피드백하라는 것 같은데 ,다른 조랑 하면 보너스 점수 주고, 그거 못하면 같은 조라도 하라는 것 같네요"
1,C(1),의견,솔루션에 추가했습니다.
1,C(1),의견,근데 제가 추가한것도 포함되어 있나요?
1,C(1),의견,지금 추가로 고칠 부분이 있나요?
1,C(1),의견,음... 이거 꽤나 걸릴 것 같아서 가능하면 토요일에 하는 게 좋을 것 같아요
1,C(1),의견,"아 다른 부분 보니까 교대하면서 포스터 앞에서 qna를 하고, 다른 사람은 돌아다니면서 다른 그룹 포스터에 질문하는 것 같네요"
1,C(1),자료,사진
1,C(1),자료,사진
1,C(1),자료,https://docs.google.com/presentation/d/1mq-lvb6C_Y3wOVQWOOGm1H7fKDh9_XUK0BcDdtjDVMQ/edit?slide=id.g35e59793626_0_5#slide=id.g35e59793626_0_5
1,C(1),자료,https://us04web.zoom.us/j/2483882569?pwd=3sIFlnapjSlnbnXkUa4N92mCVfgLso.1
1,C(1),자료,파일: 1-page summary.docx
1,C(1),자료,사진
1,C(1),자료,https://miro.com/app/board/uXjVIuGOnGQ=/?moveToWidget=3458764630211396138&cot=14
1,C(1),자료,https://us04web.zoom.us/j/2483882569?pwd=3sIFlnapjSlnbnXkUa4N92mCVfgLso.1
1,C(1),자료,파일: #4_ Your favorite bread _ Capstone Project.pdf
1,C(1),자료,https://docs.google.com/presentation/d/1yuveTADLB00GugvTGqjLMHnvDu9sxFAX/edit?slide=id.p1#slide=id.p1
1,C(1),자료,사진
1,C(1),자료,사진
1,C(1),자료,사진
1,C(1),자료,https://www.google.com/url?sa=i&url=https%3A%2F%2Ffoodaidfoundation.org%2Fworld-hunger-statistics-2020%2F&psig=AOvVaw1pwa7eFfjoPrCf71zV3jBK&ust=1750322567830000&source=images&cd=vfe&opi=89978449&ved=0CBQQjRxqFwoTCPCY_unJ-o0DFQAAAAAdAAAAABAE
1,C(1),자료,https://www.canva.com/design/DAGqsJq9wJA/r9AvuWPfAETkWlRL9iuiYw/edit?utm_content=DAGqsJq9wJA&utm_campaign=designshare&utm_medium=link2&utm_source=sharebutton
1,C(1),자료,https://foodaidfoundation.org/world-hunger-statistics-2020/
1,C(1),자료,https://www.canva.com/design/DAGqsMFc754/5U6v-lCH3JrUm_MLaTnBdA/edit?utm_content=DAGqsMFc754&utm_campaign=designshare&utm_medium=link2&utm_source=sharebutton
1,C(1),자료,근데 reflection box에서는 2~3 문장으로 짧게 써야 해서 힘들 것 같고 다른 부분에서 다른 조 발표내용을 넣어야 할 것 같아요
1,C(1),자료,사진
1,C(1),자료,사진
1,C(1),자료,사진
1,C(1),자료,사진
1,C(1),자료,사진
1,C(1),자료,https://vespertool.com/knowledge-hub/seeds/types-of-data/price-comparisons/
1,C(1),자료,사진
1,C(1),자료,터니틴에 pptx형식으로 제출했습니다
1,C(1),자료,파일: G4 capstoneproject poster.pptx
1,C(1),자료,지금 미로에 제출했고 lxp에도 체출해 주세요. comment에 미로보드 링크 다는 거 잊지 말고요
1,C(1),자료,사진
1,C(1),자료,https://docs.google.com/document/d/19R6HEzrku20Gz6dIyeApuGAS4s8Q2vlp/edit
1,C(1),자료,사진
1,C(1),자료,사진
1,C(1),자료,https://docs.google.com/document/d/19R6HEzrku20Gz6dIyeApuGAS4s8Q2vlp/edit
1,C(1),자료,단톡 독스 링크 라는게 무슨 뜻이에요?
1,C(1),자료,https://docs.google.com/document/d/19R6HEzrku20Gz6dIyeApuGAS4s8Q2vlp/edit
1,C(1),자료,사진
1,C(1),잡담,다들 이거 하는것도 잊지 말아주세요
1,C(1),잡담,이거 둘 다
1,C(1),잡담,Why does modern wheat contain more gluten?
1,C(1),잡담,Why does modern wheat contains more gluten?
1,C(1),잡담,도아님 들어와 주세요
1,C(1),잡담,자르는 걸로는 안될 것 같고 대본 좀 짧게 줄여서 다시 찍어야 할 것 같아요
1,C(1),잡담,그냥 만나서 하려는 건가요?
1,C(1),잡담,이건 수업 전까지요
1,C(1),잡담,전 다 했습니다
1,C(1),잡담,거기가 어디에요...?
1,C(1),잡담,스터디룸이 어디에요?
1,C(1),잡담,그리고 grope learning 에서 각자 다른조의 프레젠테이션을 봐야 하는데 어느 조꺼를 볼까요?
1,C(1),잡담,"우선 포스터 만드는 거는 lxp에 올라와 있고, how much 이것에 대한 것도 grope learning이라는 과제에서 채워서 내라고 적혀있어요"
1,C(1),잡담,다른 조 프레젠테이션 어디서 보는지 아시는 분 있으신가요?
1,C(1),잡담,"제가 그룹 3조,5조꺼 볼게요"
1,C(1),잡담,"Lxp에 how much do you know about your favorite bread라는 워크시트가 있는데 여기서 파트5,6 제외하고 미리 해두는 게 좋긴 해요"
1,C(1),잡담,그러니까 11시에 안된다는 거죠?
1,C(1),잡담,"아니요 이건 그냥 각자 다른조꺼를 요약해서 다른 조원에게 말한 뒤, 질문 3개정도 받아서 워크시트 파트5에 쓰면 되서 문서 공유는 필요없어요"
1,C(1),잡담,1. problem statment
1,C(1),잡담,Final A1 Poster Must Include:
1,C(1),잡담,제가 채워놓았습니다
1,C(1),잡담,플라스 미드 완성 했습니다.
1,C(1),잡담,아마 다 했을껄요?
1,C(1),잡담,우선 넣으라는 건 다 넣었습니다
1,C(1),잡담,"이거 보니까 해결책이 중요한 것 같아서 problem statement랑 원인은 짧게 쓰고, 해결책을 길게 쓰는 식으로 해야할 것 같아요"
1,C(1),잡담,"그리고 stakeholder analysis에서 stakeholder를 3명 이상 찾아야 하는데 이걸 따로 칸을 나눌지, 아니면 해결책에서 같이 다룰 지도 정해두는 게 좋을 것 같아요"
1,C(1),잡담,근데 그건 40자 이하여야 해서 그 안에 다 넣을 수 있을까요?
1,C(1),잡담,Stakeholder analysis identifies at least 3 populations affected.
1,C(1),잡담,만나서 합시다
1,C(1),잡담,"Reflection box: ""Why This Matters"" (2–3 sentences)"
1,C(1),잡담,되요
1,C(1),잡담,"Reflection box: ""Why This Matters"" (2–3 sentences"
1,C(1),잡담,이렇게 하라는 걸 보니 그냥 짧게 쓰라는 것 같아요
1,C(1),잡담,"그리고, 다른 조 꺼도 2개이상 레퍼런스 해야되요"
1,C(1),잡담,우선 reflection box(Why This Matters)는 2~3 문장정도로 짧게 요약해주세요
1,C(1),잡담,다른 조 꺼 안써도 된대요
1,C(1),잡담,근데 why it matters 요거는 2~3문장으로 써야해서 고치기는 해야해요
1,C(1),잡담,5개 이상 인용 이라는 조건이 남아있지만 그건 이미 다른 부분에서 5개를 넣었어요
1,C(1),잡담,근데 그거 gmo 안되는 이유 따로 빼서 적었으니 괜찮지 않아요?
1,C(1),잡담,근데 또 솔루션 안에 왜 안되는지 적으라고 하지는 않아서....
1,C(1),잡담,음... 한번 여쭤볼게요
1,C(1),잡담,실물 제출 금요일 까지 아니에요?
1,C(1),잡담,포스터 안에 역할 적어넣지 마레요
1,C(1),잡담,감사합니다!
1,C(1),잡담,제가 인용 한 것 중에 gmo작물이 더 비싸다는 내용이 있는데 그거 인용하셔도 돼요
1,C(1),잡담,다른 조 인용하는 그거는 아니고
1,C(1),잡담,근데 다른 조 꺼를 보는 게 아니라 다른 조와 이야기 하라는 걸 봐서는 꽤 힘들 것 같은데요...
1,C(1),잡담,다른 조 꺼 피드백 서로 피드백을 주고 받으면 되는 건가요?
1,C(1),잡담,"G2 의 포스터 일부인데 '우리는 gmo에 반대하지만, 이것에 영향을 받아서 솔루션 2에 '정부를 통해 smart"
1,C(1),잡담,지금 제출할 수 있나요?
1,C(1),잡담,한번 그래봅시다
1,C(1),잡담,이거 밑에 있는 norish~ 이거 없애고 레퍼런스를 거기에 옮길게요
1,C(1),잡담,"지금 lxp랑 미로에는 내졌고, 터니틴에는 제가 포스터 제출했습니다"
1,C(1),잡담,고생 많으셧습니다
1,C(1),잡담,"이거 다른 모든 그룸을 평가하고, 자신 스스로 평가해야 해서"
1,C(1),잡담,그냥 그럴까요?
1,C(1),잡담,Everyone MUST be familiar with the poster content that your group created together. Why?
1,C(1),잡담,"preventing damage caused by the weather,palnt pest detection,soil analysis 이 부분이 이해가 안돼요"
1,C(1),잡담,"평가는 각자 2 그룹에 대해서 하고, queation은 모두가 각 그룹에 1개씩 적어놓는 게 어때요?"
1,C(1),잡담,저도 다 했습니다
1,C(1),잡담,제출 했습니다
1,C(1),잡담,어... 저희 이부분 안한 것 같아요
1,C(1),잡담,다시 제출 했습니다
1,C(1),잡담,지금 4층에 계세요?
1,C(1),잡담,2시까지 붙여야 해요
1,D(1),대답,오 좋아요 ! 그럼 주말도 가능해요
1,D(1),대답,넵 !!
1,D(1),대답,네 근데 당길 수 있나 해서요 !
1,D(1),대답,넵!
1,D(1),대답,전 반대 할게요
1,D(1),대답,넵
1,D(1),대답,네 제가 냈어요
1,D(1),대답,그리고 오늘 포스터 그거 네 분이서 모여서 하시고 남은거 저 알려주세요 !!
1,D(1),대답,넵 !
1,D(1),대답,조건 진짜 많네요 ㅠ
1,D(1),대답,지금 할게요 !
1,D(1),대답,제가 오늘 7시이후에 가능해서 남은 그룹을 제가 할게요 !
1,D(1),대답,네!
1,D(1),대답,지금 제대로 보니까 솔루션2 부분에 오타가 좀 많네요 ㅠ
1,D(1),대답,넵
1,D(1),의견 및 일정 조율,월요일에 해도 되려나
1,D(1),의견 및 일정 조율,한다면 내일 오전이나..월요일 될 것 같아요
1,D(1),의견 및 일정 조율,월요일에 찍고 내도 괜찮지 않을까요 ?
1,D(1),의견 및 일정 조율,그럼 일요일 밤 11시에 줌으로 합시다 !!
1,D(1),의견 및 일정 조율,줌 녹화로 해도 되겠죠 ..? 딱히 설명이 없어서 ㅜ
1,D(1),의견 및 일정 조율,이것도 월요일까지에요 ?
1,D(1),의견 및 일정 조율,아아 저 알바 1시간 비어서 말씀 드렸던건데 그럼 그냥 11시에 합시당 !!
1,D(1),의견 및 일정 조율,내일 수업 전까지인지 23:59까지인지..... 수업 전은 아니겠죠ㅠ
1,D(1),의견 및 일정 조율,오늘 말씀하실 것 같아요 !
1,D(1),의견 및 일정 조율,오늘 제출하는게 맘 편할 것 같기도 해요
1,D(1),의견 및 일정 조율,다목적실에서 만날까요 ?
1,D(1),의견 및 일정 조율,Role Summary도 오늘까지 제출이에요
1,D(1),의견 및 일정 조율,줌으로 같이 해야하는건가요 ?
1,D(1),의견 및 일정 조율,저 8시쯤 가능할 것 같아요
1,D(1),의견 및 일정 조율,제가 내일 2-7시 알바에요ㅠㅠㅠㅠㅠ
1,D(1),의견 및 일정 조율,밤 11시 가능해요 !
1,D(1),의견 및 일정 조율,오늘 그래서 줌 해야하나요 ?
1,D(1),의견 및 일정 조율,줌 하기 전에 혼자 봐야할게 있을까요
1,D(1),의견 및 일정 조율,허들도 녹음 ? 녹화가 되나여
1,D(1),의견 및 일정 조율,저희 오늘 퀴즈를 다 같이 보는건가요 ?
1,D(1),의견 및 일정 조율,내일이나...
1,D(1),의견 및 일정 조율,실물 제출은 월요일까지에여
1,D(1),의견 및 일정 조율,혹시 오늘까지인 과제 두 개가 연결된건가요 ..?
1,D(1),의견 및 일정 조율,저희 포스터 내일 이현님이 프린트해오시는 건가요 ?!
1,D(1),의견,언제할까요
1,D(1),의견,편집 거의 필요없을 것 같은데 이건 ..
1,D(1),의견,일요일 몇 시로 할까요
1,D(1),의견,혹시 내일 7-8시 중 가능할까요 줌미팅
1,D(1),의견,슬랙 보니까 다시 찍어야겠네요 편집으로 자르거나
1,D(1),의견,어떻게 할까요?
1,D(1),의견,오늘 5시에 바로 할까요 ?
1,D(1),의견,파란색 미로 채우는거 수요일까지 제출인건가요
1,D(1),의견,10조 영상 봐두기만 하면 되는건가요 ?
1,D(1),의견,오늘 수업 전에 미로 채우는건 없는건가요 친구가 있다길래 ..
1,D(1),의견,저희 내일까지 핑크색 미로보드 채우는거죠 ?
1,D(1),의견,어떻게 나눌까요 제가 어디 하면 될까여
1,D(1),의견,오른쪽은 뭐하면 될까요 ...?
1,D(1),의견,음.. 파트를 나누기가 애매할까요 그냥 한 명이 오른쪽 다 채우는게 나을까여
1,D(1),의견,제출할까요 그럼 미로 ...?
1,D(1),의견,그럼 수정 안해도 되나요 ?
1,D(1),의견,다 수정했어요 !
1,D(1),의견,제출할까요 ..?
1,D(1),의견,제가 조금씩 수정해볼게요 ..!
1,D(1),의견,각자 최대한 수정해보아요...30점짜리라
1,D(1),의견,그냥 어떻게든 낮추라고 하실 것 같아요.........
1,D(1),의견,근데 why this matter 부분은 너무 짧아서 바꿔도 의미가 없을 것 같은.........
1,D(1),의견,전 다 수정했어요 !!!!
1,D(1),의견,이현님만 수정하고 제출해주시면 될 것 같아요
1,D(1),의견,수정 가능하신 분 있나요 지금 ….
1,D(1),의견,그럼 이거만 하면 되는건가요 ?
1,D(1),자료,근데 혹시 다른 그룹 뉴스나 숏폼 영상 어디서 보는지 아시는 분 있나요 ..링크 좀 ㅠㅠ
1,D(1),자료,사진
1,D(1),자료,이현님 ppt 아직 안만드셨나요 ?
1,D(1),자료,https://us05web.zoom.us/j/89324505660?pwd=CFNP5RPXQtjBaF4u0H3hzb58hkaaoM.1
1,D(1),자료,미로에 링크 올렸는데
1,D(1),자료,사진
1,D(1),자료,사진
1,D(1),자료,동영상이랑 ppt 둘 다요 ????
1,D(1),자료,사진
1,D(1),자료,발표 영상 보면 되는거죠 ?
1,D(1),자료,사진
1,D(1),자료,사진
1,D(1),자료,이거 표 혹시 누가 채워주신건가요 아니면 원래 되어있던건가요
1,D(1),자료,사진
1,D(1),자료,다른조 발표내용을 인용하는 건가요 ?
1,D(1),자료,사진
1,D(1),자료,잉 파일로는 오늘까지고
1,D(1),자료,따로 하는건가요 표에 ?
1,D(1),자료,혹시 링크 어떤거에요 ??
1,D(1),자료,아 인용 링크 물어본 거였어요 !
1,D(1),자료,@김유진 이거 링크 알려주시면 감사하겠습니다 !
1,D(1),자료,사진
1,D(1),자료,사진
1,D(1),잡담,아 ..
1,D(1),잡담,제가 통학이라 주말은 좀 어려워요ㅠㅠ
1,D(1),잡담,11시 어떠세요 ..? 10시에 알바가 끝나서 ㅜㅜ
1,D(1),잡담,감사합니당
1,D(1),잡담,1분 분량으로 대본 짜면 되는거죠 ?
1,D(1),잡담,실생활 예시도 필수인가요 .....
1,D(1),잡담,감사합니다~!
1,D(1),잡담,이거 제출이 동영상 제출인건가요
1,D(1),잡담,저도 다 했습니당
1,D(1),잡담,영상 들으면 설명 나오나요 ….?
1,D(1),잡담,아직 안봐가지고 뭐하는건지 ㅠㅠㅠㅠ
1,D(1),잡담,따로 했어요 !
1,D(1),잡담,오잉 저거 제가 만든건데
1,D(1),잡담,다 하셨나여
1,D(1),잡담,영상 한 번 보내주세요 여기에!!
1,D(1),잡담,좋아여
1,D(1),잡담,근데 저희 1-page summary도 만들어야하는거 아닌가요 ??
1,D(1),잡담,다들 어떤 역할 하실건가요 ….?
1,D(1),잡담,그럼 도현님 찬성해주세요 !
1,D(1),잡담,이따 5시에 수업 끝나고 바로 다목적실에서 만나여
1,D(1),잡담,다들 대본 줄여오세여 …
1,D(1),잡담,음 그냥 수업자료 아닐까여
1,D(1),잡담,앗 저도 모여야 하는데 이거때문에 그거 좀 늦는다고 했는데 ……
1,D(1),잡담,이거 10분이면 끝나지 않을까요 …..?
1,D(1),잡담,유진님 하셔야할듯요
1,D(1),잡담,전 다 했어요
1,D(1),잡담,본인 다 썼으면 톡 남겨줍시당
1,D(1),잡담,저 수업 끝났어요
1,D(1),잡담,지금 빌릴 수 있어요ㅠ….?
1,D(1),잡담,중도에요 …?
1,D(1),잡담,법학 건물이요 ?????
1,D(1),잡담,유튜브 일부공개로 올리면 되나요 ?
1,D(1),잡담,5분 25초인데
1,D(1),잡담,괜찮겠죠
1,D(1),잡담,동영상
1,D(1),잡담,잘 열리는지 봐주세요!!
1,D(1),잡담,lxp에도 제출했습니다
1,D(1),잡담,이 과제 제출이
1,D(1),잡담,이거만 내면 되는걸까요 ?
1,D(1),잡담,흠 …..
1,D(1),잡담,혹시 모르니까 낼까요
1,D(1),잡담,다시 냈는데 봐주세요 다 제대로 됐는지
1,D(1),잡담,음 그러게여 ....
1,D(1),잡담,파이널이니까 그런것같아요
1,D(1),잡담,미로 아직인가여 ??? 과제 제출
1,D(1),잡담,!!
1,D(1),잡담,이거 내면 될까요 다 하신건가요 ?
1,D(1),잡담,혹시 이거에 대한 안내가 어디있나요 ..?
1,D(1),잡담,이번주 영상인가요 ??
1,D(1),잡담,아아
1,D(1),잡담,알겠어용 !!!!
1,D(1),잡담,제가 지금 알바중인데
1,D(1),잡담,ㅜㅜ
1,D(1),잡담,아아 고마워욤 :-)
1,D(1),잡담,11:20분인가요 ?
1,D(1),잡담,얘는 12시까지는 아닌거죠 ㅠㅠ 새벽에 해도 될까요 지금 다른 과제 때문에 …..
1,D(1),잡담,.
1,D(1),잡담,.
1,D(1),잡담,아 지금 할 수 있어요
1,D(1),잡담,근데 도현님이 11:20 말씀하셨어서 ..
1,D(1),잡담,문서 공유를 해야하나요
1,D(1),잡담,아 워크시트는 각자 제출인건가요?
1,D(1),잡담,이거 해야하는 것 같아요 왠지
1,D(1),잡담,어 ..step4랑 또 다른건가요
1,D(1),잡담,뭐가 맞는거에여 ?
1,D(1),잡담,그냥 예시아닌가요 ? 무조건 저렇게 해야하는건가 ..
1,D(1),잡담,핑크색 미로 하고계신분....?
1,D(1),잡담,지금 봐볼게요 !!
1,D(1),잡담,포스터 다른팀들 되게 예쁘게 만들더라구여
1,D(1),잡담,저희도 나름 잘 꾸며봅시닷
1,D(1),잡담,저도 그거 고딩때 많이 썼었어요 ㅎㅎ
1,D(1),잡담,이거 다 된건가요 ?
1,D(1),잡담,그게 좋을거같아여
1,D(1),잡담,조아요오
1,D(1),잡담,혹시 어디까지 하셨어요 ?!
1,D(1),잡담,알겠습니다 !!
1,D(1),잡담,why it matters 가
1,D(1),잡담,저희가 제시한 솔루션이 왜 중요한지 쓰는거겠죠?
1,D(1),잡담,다 했어요 괜찮은지 봐주세요 !
1,D(1),잡담,알겠습니당
1,D(1),잡담,레퍼런스에 대한 조건은 없는건가요 그러면 ?
1,D(1),잡담,뭔가 글이 너무 많은 것 같기도 하고
1,D(1),잡담,분량 제한도 있나요
1,D(1),잡담,뭔가 글이 전체적으로 너저분한 느낌이라
1,D(1),잡담,비주얼 요소 하나 더 넣는게 좋을 것 같긴해요
1,D(1),잡담,Second 앞에 According to 뒤에 끊겨있는데 지워도 될까요 ?
1,D(1),잡담,조건 다 지킨거겠죠 ..?
1,D(1),잡담,신소재 지하1층에서 A1 프린트 할 수 있대여
1,D(1),잡담,5시 마감인 것 같아요
1,D(1),잡담,엥 진짜요 …?
1,D(1),잡담,근데 사이즈 A1으로 하신거 맞나요 처음에 ????
1,D(1),잡담,이미 깔끔하게 썼는데 고치는게 더 힘들어여 ㅠㅠㅠㅠ
1,D(1),잡담,해볼게여ㅠ
1,D(1),잡담,why this matter도 해봐주세요
1,D(1),잡담,카피킬러 쓰시는거에요 ??
1,D(1),잡담,turnitin이랑 퍼센트 완전 다를거에요 근데
1,D(1),잡담,ㅠㅠㅠㅠㅠㅠㅠㅠㅠ
1,D(1),잡담,이모티콘
1,D(1),잡담,텃인틴으로 해볼까요
1,D(1),잡담,제출 한 번밖에 안되나
1,D(1),잡담,텃인틴 제출 한 번밖에 안되는지 물어보는게 나을지도 ….?
1,D(1),잡담,아니여 몇 퍼 뜨는지 보려고 ….
1,D(1),잡담,전 reflection이라 인용을 안했어요ㅠㅠㅠㅠ
1,D(1),잡담,두 개 이상 하신 분이 하나 알려주실 수 있나용
1,D(1),잡담,알겠습니다 !
1,D(1),잡담,나머지 분들 다 하신건가요 ?!
1,D(1),잡담,다들 읽고 답해주세요 !!
1,D(1),잡담,흠 …
1,D(1),잡담,손글씨로요 ..?
1,D(1),잡담,저 사인 안했는데 해야하나여 ?
1,D(1),잡담,전 다 했어요 ..!
1,D(1),잡담,헉 ……안되는데
1,D(1),잡담,제출하고 말해주세요 ! 지금 집 가고 있어서 ㅜㅠㅠㅠㅠ
1,D(1),잡담,감사합니다
1,D(1),잡담,미로랑 터니틴이랑 lxp에 다 내야하는거 아닌가요 ??
1,D(1),잡담,헐 ㅠㅠ 수고하셨습니당 :-)
1,D(1),잡담,좋아여
1,D(1),잡담,다른 팀 포스터 어디서 봐요 ?
1,D(1),잡담,전 후자가 맞는 것 같긴한데 정확한 설명이 없어서 모르겠어요 저도ㅠㅠ
1,D(1),잡담,오
1,D(1),잡담,좋당 ㅎㅎ
1,D(1),잡담,poster Q&A 캘린더 통해서 들어가면 제출하는 칸 뜨는데 안내도 되는거 맞겠죠 ..?
1,D(1),잡담,질문은 모든 그룹에 대해서 각자 하나씩 쓰고 reasoning 쓰는거는 두 그룹에 대해서 쓰면 될까요 지금 비어있는 것중에 ?
1,D(1),잡담,제가 이해한게 맞으면 제가 G3 G5할게용
1,D(1),잡담,그런거같아요
1,D(1),잡담,전 다 해써요
1,D(1),잡담,마지막으로 하시는 분이 제출해주세여 ...
1,D(1),잡담,수고하셨어요 !
1,D(1),잡담,그런가요 ...?
1,D(1),잡담,저희 이 순서로 답변하는거겠죠?
1,E(1),대답,저는 괜찮습니다
1,E(1),대답,넵
1,E(1),대답,넵... 저도 끝나고 stdt 하러 가야해서 오래는 못 기다릴 것 같은데 오래걸리면 알려주세요
1,E(1),대답,들어와서 지하1층 스터디룸 2로 오시면 됩니다.
1,E(1),대답,네네
1,E(1),대답,좋아요
1,E(1),대답,넵 어차피 11일까지니까 옆에 있는 거까지 완료해서 올려요
1,E(1),대답,PPT도 첨부해야 된다고 듣긴 했는데 지금 보니까 딱히 낼 필요가 없는 것 같긴 하네욤...
1,E(1),대답,저도 됩니다
1,E(1),대답,"6,7 할게요"
1,E(1),대답,넵
1,E(1),대답,넵 이거예요
1,E(1),대답,넵 2시 전까지 붙이라고 되어 있어서
1,E(1),대답,넵
1,E(1),의견 및 일정 조율,analysis도 오늘까지인가여
1,E(1),의견,10시에 할까요?
1,E(1),의견,당기고 싶으시면 10시에 할까요...?
1,E(1),의견,시간 재면서 1분 되게 확인해주세요
1,E(1),의견,도서관 스터디룸에서 할까요
1,E(1),의견,마지막은 6명인 조만 하면 돼서
1,E(1),의견,끝나자마자 할까요?
1,E(1),의견,30분부터 할까요...?
1,E(1),의견,편집 다했는데
1,E(1),의견,이 링크로 다시 편집해주세요
1,E(1),의견,편집하실 일 있으면 예전 링크 말고 이 링크로 부탁드립니다... A1 사이즈로 바꿨어요
1,E(1),의견,제가 솔루션을 아직 안바꿔서
1,E(1),의견,제가 약속이 있어서 혹시 9시쯤 수정해도 될까요?
1,E(1),의견,저도 다 썼는데 제출할까요?
1,E(1),의견,단톡 공유문서에 저희 질문 그대로 모든 조에 복붙하면 되나요?
1,E(1),의견,공유문서 답변도 준비할까요?
1,E(1),자료,도아님 방금 제출하신 거 링크는 잘 열리는데 댓글에 PPT 파일도 제출해 주셔야 해요
1,E(1),자료,톡게시판 '공지': https://docs.google.com/presentation/d/1yuveTADLB00GugvTGqjLMHnvDu9sxFAX/edit?slide=id.p1#slide=id.p1
1,E(1),자료,파일: Example Poster (1).pdf
1,E(1),자료,https://www.canva.com/design/DAGqsFHG9aI/5rYBdmdtH87ZpFboP3Px-Q/edit?utm_content=DAGqsFHG9aI&utm_campaign=designshare&utm_medium=link2&utm_source=sharebutton
1,E(1),자료,https://www.canva.com/design/DAGqsMFc754/5U6v-lCH3JrUm_MLaTnBdA/edit?utm_content=DAGqsMFc754&utm_campaign=designshare&utm_medium=link2&utm_source=sharebutton
1,E(1),자료,사진
1,E(1),자료,사진
1,E(1),자료,https://www.canva.com/design/DAGqxy_RzBE/DGoaYzPn1MhxGihSFKbAJg/edit?utm_content=DAGqxy_RzBE&utm_campaign=designshare&utm_medium=link2&utm_source=sharebutton
1,E(1),잡담,.
1,E(1),잡담,지금 하고 있어요
1,E(1),잡담,하고 있다고 말씀드렸는데...
1,E(1),잡담,제가 다른 거랑 병행중이라 11시 이전까지 완료해 두겠습니다
1,E(1),잡담,저도 반대요
1,E(1),잡담,미리 말해보고 오시면 좋을 것 같습니다
1,E(1),잡담,stdt 좀 오래걸리지 않나요...?
1,E(1),잡담,이거 아직 안되어있어요
1,E(1),잡담,다목적실 사람 있을 것 같은데
1,E(1),잡담,제가 빌렷어요
1,E(1),잡담,스터디룸 2로 오세요
1,E(1),잡담,넴
1,E(1),잡담,음
1,E(1),잡담,내려오시면 도서관이 있는데
1,E(1),잡담,이대로 올리면 될 것 같아요
1,E(1),잡담,제출했습니다
1,E(1),잡담,끝난 것 같아요
1,E(1),잡담,제출하는 칸이 따로 있나요?
1,E(1),잡담,저는 잘 떠요
1,E(1),잡담,.
1,E(1),잡담,이거 아닌가요
1,E(1),잡담,포스터 만드는 거 말하시는 거죠?
1,E(1),잡담,도아님 빼고는 다 괜찮으시다고 했던 것 같은데
1,E(1),잡담,혹시 미로 채울 거 남았나욥
1,E(1),잡담,지금 하려고 하는데
1,E(1),잡담,헉... 감사합니다
1,E(1),잡담,다 템플릿 사용해서 만든 것 같아요
1,E(1),잡담,법학관에서
1,E(1),잡담,.
1,E(1),잡담,이모티콘
1,E(1),잡담,어떠신가요
1,E(1),잡담,자리 남은 데에 슬로건 넣었어요
1,E(1),잡담,이 점은 뭘까요
1,E(1),잡담,아
1,E(1),잡담,지웠어요
1,E(1),잡담,지울게요
1,E(1),잡담,그럼 다시 쓸게요
1,E(1),잡담,크기 조정했어요
1,E(1),잡담,그거 말고 Turnitin 돌려봐야 되는 거 아닌가요
1,E(1),잡담,다시 써볼게요
1,E(1),잡담,지금 쓰는 중이에요
1,E(1),잡담,죄송해요ㅠ 제가 집에 이제 와서
1,E(1),잡담,다 된 건 가요...??
1,E(1),잡담,할 거 더 있을까요
1,E(1),잡담,죄송합니다...
1,E(1),잡담,굿...
1,E(1),잡담,포스터 제가 뽑아 놓겠습니다
1,E(1),잡담,수고하셨습니다...
1,E(1),잡담,프린트 출력해서 붙여놓을게요
1,E(1),잡담,일단 제가 공유문서에 입력했습니다
1,E(1),잡담,그거 제가 가져가려궁
1,E(1),잡담,구요
1,E(1),잡담,포스터 받았습니다
1,E(1),잡담,3333327033815 카카오뱅크
1,E(1),잡담,총 16000원이라 3200원씩 보내주세요
2,A(2),의견,STDT 과제 오늘 9시까지 입니다
2,A(2),의견,언제가 괜찮을까요?
2,A(2),의견,2시간 안레 끝낼 수 있을까요?
2,A(2),의견,지금은 어떤가요?
2,A(2),의견,지금 웨이브홀 오실 수 있는분?
2,A(2),의견,저희가 오늘 9시까지 해야할 과제가 있습니다
2,A(2),의견,지금 괜찮으신 분은 웨이브홀로 와주십시오
2,A(2),의견,삭제된 메시지입니다.
2,A(2),의견,저희가 놀고 있어서
2,A(2),의견,예시입니다
2,A(2),의견,"Theme 1,2도 끝났습니다"
2,A(2),의견,제출하신분 있나요?
2,A(2),의견,한명만 제출해도 된데요
2,A(2),의견,리서치 퀘스천 (Research Questions)
2,A(2),의견,화요일 2시에 수업 있어서 힌들 것 같아요
2,A(2),의견,내일 늦게 어떤가요?
2,A(2),의견,저도 좋습니다
2,A(2),의견,두번째도 끝났습니다
2,A(2),의견,오늘 그럼 11시에 안만나도 되나요?
2,A(2),의견,그럼 오늘 각자 보완하는걸로 할까요?
2,A(2),의견,이거 옆에 자기소개도 해야하나요?
2,A(2),의견,2층 미팅룸1로 오세요
2,A(2),의견,이모티콘
2,A(2),의견,이거 같아요
2,A(2),의견,각자 프로필 다 채우신 건가요?
2,A(2),의견,넵 그런거 같아요
2,A(2),의견,위에 그림 있는 부분이요
2,A(2),의견,3층 입니다
2,A(2),의견,내일 f45 제일 안겹치는 시간으로
2,A(2),의견,일단 3명?
2,A(2),의견,3조
2,A(2),의견,확인해보세요
2,A(2),의견,3개조로 나눠어졌어요
2,A(2),의견,Lxp에 있어요
2,A(2),의견,허들?
2,A(2),의견,있습니다
2,A(2),의견,개별임
2,A(2),의견,내가 *이랑 처음 하려다가 때려침
2,A(2),의견,그니까 미술은 아닌거자나
2,A(2),의견,그럼 둘다 해볼까?
2,A(2),의견,도안만
2,A(2),의견,그냥 그림판에 대충 그리면 안되나?
2,A(2),의견,ㄱㄱ
2,A(2),의견,오예
2,A(2),의견,ㄱㄱ
2,A(2),의견,그럼 저녁에 좀 만들까요?
2,A(2),의견,모여서
2,A(2),의견,와 지금 다목적실에서 과제하는데
2,A(2),의견,승아리 오셔서
2,A(2),의견,엑셉터블 하지 않다고 하시고 가셨습니다
2,A(2),의견,저도 팀플 있어서
2,A(2),의견,교수님 오시면 저번처럼 할둣
2,A(2),의견,우리 가장 먼저래
2,A(2),의견,진짜 됨
2,A(2),의견,그거 좋아하시긴 했는데
2,A(2),의견,우리가 같이 토론했던걸 기억하래
2,A(2),의견,ㄱㄱ
2,A(2),의견,저 일요일로 바꿀 수 있나요?
2,A(2),의견,2개
2,A(2),의견,넉넉하게
2,A(2),의견,지금까지 만든거 4층 구석에 두었습니다
2,A(2),의견,전 집가요
2,A(2),의견,저도 가능합니다
2,A(2),의견,상자마다 미세하게 크기가 조금 다름
2,A(2),의견,*님은 박스의 수평을 맞출 방법을 생각해보세요
2,A(2),의견,굳!
2,A(2),의견,미리 안정해도 되나요?
2,A(2),의견,4명 정해야 할듯
2,A(2),의견,먼저 2명이랑 뒤에 2명
2,A(2),의견,그럼 혹시 모르니까 2명씩 6명 정할까요?
2,A(2),의견,*이 빼고 5명
2,A(2),의견,검은색은 a4밖에 없음
2,A(2),의견,5시에 하시는 분 어디에 계시나요?
2,A(2),의견,우리도 해산
2,A(2),의견,좋습니다
2,A(2),의견,저도 지금은 힘들 것 같습니다
2,A(2),의견,저 오늘 4시에 acdt 발표가 있습니다
2,A(2),의견,총장님한테 하라고 뭐가 왔음
2,A(2),의견,몇조만 왔나봐
2,A(2),의견,가능합니다
2,A(2),의견,그래서 오늘 만나나요?
2,A(2),대답,넵
2,A(2),대답,넵
2,A(2),대답,네
2,A(2),대답,넵
2,A(2),대답,예
2,A(2),대답,예
2,A(2),대답,예
2,A(2),대답,예
2,A(2),대답,예
2,A(2),대답,예
2,A(2),자료,https://docs.google.com/presentation/d/1Tyvxkp39stNd4VYqA-cEUWdypj2PAZ7PU_8N8TWCnIU/edit?usp=sharing
2,A(2),자료,사진
2,A(2),자료,사진
2,A(2),자료,사진
2,A(2),자료,https://miro.com/app/board/uXjVIfTQX7g=/
2,A(2),자료,사진
2,A(2),자료,사진
2,A(2),자료,사진 2장
2,A(2),자료,사진
2,A(2),의견 및 일정조율,나 9시
2,A(2),의견 및 일정조율,내일 f45 시간 변경돼서
2,A(2),의견 및 일정조율,저는 내일 2시 이후로 가능합니다
2,A(2),의견 및 일정조율,시간 되시는 분들
2,A(2),의견 및 일정조율,2시?
2,A(2),의견 및 일정조율,5시?
2,B(2),의견,아 맞다 …
2,B(2),의견,오늘 밤 9시요 ?!!!!
2,B(2),의견,7시쯤에 다같이 카톡하면서 할까용
2,B(2),의견,별로 할거없다고 듣긴했다만 ..
2,B(2),의견,나 있을걸
2,B(2),의견,뭘 하는거였죠 ….
2,B(2),의견,그럼 *이랑 나랑 environment 할게 !
2,B(2),의견,어떻게 써야할지 모르겠어여..
2,B(2),의견,그러니까..
2,B(2),의견,diseases는 포스트잇 두 개밖에 없어서 더 쓸게 없는데
2,B(2),의견,도와주세여ㅠㅠㅠㅠ위기다
2,B(2),의견,고마워 해볼게..
2,B(2),의견,*이랑 나 diseases 파트는 끝났어요 ~!
2,B(2),의견,다 한건가 그러면 ?!!!!
2,B(2),의견,슬랙에 제출하면되나
2,B(2),의견,lxp에 올리는건가봐요
2,B(2),의견,제가 했어요
2,B(2),의견,강의실 이름 머야
2,B(2),의견,우리 과제 언제할까
2,B(2),의견,화요일 자정까지 제출이래
2,B(2),의견,다들 읽으면 답 좀 ~
2,B(2),의견,아니면 지금 할까여
2,B(2),의견,오늘까지 제출이라는데…?
2,B(2),의견,뭘 고치라는거지
2,B(2),의견,질문..?
2,B(2),의견,그때 우리 10명 아니고 8명이라
2,B(2),의견,하나 버리라 하지 않았나
2,B(2),의견,ㅏ맞ㅇ
2,B(2),의견,멘탈리티 버리자
2,B(2),의견,그래그래
2,B(2),의견,situational 하는 사람 두명 질문 넣어줘
2,B(2),의견,원래 했던대로 각자 맡은 파트 두명씩 하자
2,B(2),의견,화살표 어디서 해 ..?
2,B(2),의견,줄 어떻게 그어 *아...
2,B(2),의견,근데 뭘 연결하라는건지 잘 모르겠음 ㅠ
2,B(2),의견,무슨 기준이지
2,B(2),의견,아
2,B(2),의견,포스트잇엔 뭘 쓰는거야..?
2,B(2),의견,Tuesday midnight이 오늘일까 내일일까
2,B(2),의견,우리 다 한건가..?
2,B(2),의견,제출 아직 안했죠
2,B(2),의견,*이가 health 부분 마무리하면 될듯
2,B(2),의견,다들 이름 쓰래
2,B(2),의견,우리 오늘 웨이브 …?
2,B(2),의견,나랑 *이는 안가도 되지 ..?!!!!
2,B(2),의견,아 궁금하다 봐야지 ~
2,B(2),의견,잘했다 우리 !!!!
2,B(2),의견,출석 해써 ?
2,B(2),의견,맘대로 앉는겨 ?????
2,B(2),의견,우리 4층이야 …?
2,B(2),의견,고마오
2,B(2),의견,우리 내일까지 그룹과제 내야해
2,B(2),의견,미로 …?
2,B(2),의견,저번 수업시간에 한거 제출하는건가
2,B(2),의견,지금까지 한거 최종적으로 캡쳐해서 올리는건가봐
2,B(2),의견,우리 더이상 수정할거없나 ?!
2,B(2),의견,그런가봐
2,B(2),의견,내가 이따 10시쯤 제출할게 그러면
2,B(2),의견,슬랙에 올리는거겠지
2,B(2),의견,??
2,B(2),의견,내가 제출하고 톡 보낼게 나 아직 소개 안채워가지구!!
2,B(2),의견,스크립트는 뭐지 근데
2,B(2),의견,그때 그 영화 대번인가
2,B(2),의견,아 있다
2,B(2),의견,다 올리는중
2,B(2),의견,캡쳐할게 너무 많아 ….
2,B(2),의견,괜찮나 봐바 올렸어
2,B(2),의견,너무 크게 캡쳐해서 화질이 깨지긴 하는데 괜찮겠지
2,B(2),의견,휴 ~
2,B(2),의견,개인과제가 이거 각자 채우는거여 ..?
2,B(2),의견,아 얘들아 우리 오늘 분류한거중에 조사하는게 아니라
2,B(2),의견,옆에 열개 중에 나누는거라는데...?
2,B(2),의견,나도 걍 필수만 할래....
2,B(2),의견,기한 좀 늘려주시지 너무해 ;;
2,B(2),의견,이거챙기다가 화학 망할거같은데
2,B(2),의견,할거면 12시까지 그거만 해야할듯
2,B(2),의견,내 주변에도 필수만 하던데
2,B(2),의견,걍 필수만 ㄱㄱ
2,B(2),의견,화학도 다 못해서 어쩔 수 없어유 ~~
2,B(2),의견,아마두?
2,B(2),의견,우리 오늘도 4층이야 ?!
2,B(2),의견,그럼 바꾸자
2,B(2),의견,완벽하게 까먹었다 나도
2,B(2),의견,우리 3층이야 ….?
2,B(2),의견,내일까지 인터뷰 아닌가 ?
2,B(2),의견,그런거같은데 다른사람들 읽고 알려줘 ㅠ
2,B(2),의견,인터뷰 미로 채우는거 오늘까지야 ㅠ 다들 채워줘 ~~!
2,B(2),의견,빈칸 짱많음 ㅠ
2,B(2),의견,여러분
2,B(2),의견,내일까지 뭐 과제가 또있다는데
2,B(2),의견,제발 아니라고 해줘
2,B(2),의견,하 진짜 오바야
2,B(2),의견,난 오늘 못갈거같아 ㅜㅜㅜㅜㅜ 갑자기 새벽부터 몸이 안좋아서 ..😢😢 미안 ㅠㅠㅠㅠㅠ
2,B(2),의견,저번주에 안가서 뭐했는지를 몰라서 과제를 못하겠는데 ㅠ
2,B(2),의견,내일까지 과제 있는거 아냐 ..?
2,B(2),의견,저번주에 머했어 혹시 ..
2,B(2),의견,무슨 시각자료 만들어서 올리라는데 ?
2,B(2),의견,모순을 표현하는겨 ?
2,B(2),의견,몇 시에 할까요 여러분 ..
2,B(2),의견,내일 1시까지
2,B(2),의견,다같이 안해도되나
2,B(2),의견,어디서 봐
2,B(2),의견,그럼 오늘 밤에 하는게 아니라 낼 가서 직접 만드는게 과제인건가
2,B(2),의견,이따 11시에 다같이 구상하고 내일 셋이 만들면 돼 그럼 ?
2,B(2),의견,신청된거겠지 ?!
2,B(2),의견,내일 만들 수 있는 사람 ~
2,B(2),의견,톡으로 해도 될듯 아이디어 내는거라 ?
2,B(2),의견,다들 어디갔나
2,B(2),의견,내일 쓸 수 있는 재료가 ..
2,B(2),의견,일단 이거부터 하고하자
2,B(2),의견,잉 아 그래 ?
2,B(2),의견,그거 먼저 해야 하는거?
2,B(2),의견,근데 이 시제품 만드는거랑은 상관없는거아냐?
2,B(2),의견,이어지는건가
2,B(2),의견,인터뷰 조 그대로 두 명씩 쓰자 그럼
2,B(2),의견,어 처음 두 명 다 쓰고 말해조
2,B(2),의견,미술 아냐 ?
2,B(2),의견,어렵다
2,B(2),의견,그거 나랑 *이가 해볼게 그럼
2,B(2),의견,나도 그거 모르겠어 ..
2,B(2),의견,세 번째칸 * *이 쓸거야 ?
2,B(2),의견,저게 제일 괜찮으려나 만들기에 ?
2,B(2),의견,ㄱㄱ..
2,B(2),의견,쓰고 알려줘 ..
2,B(2),의견,그래서 내일 직접 만드는 사람 누구누구 할거야
2,B(2),의견,나 노천에서 이제 나가 !
2,B(2),의견,어디로가 ????
2,B(2),의견,아 건물 들어와써
2,B(2),의견,다른 팀 다 이미 재료 사와서 만들고있는듯 ..?
2,B(2),의견,근데 시제품이여도 일단 재료를 사와야하긴해
2,B(2),의견,다들 수업 몇시부터 ?
2,B(2),의견,오늘까지 해야한다는데 어쩌지
2,B(2),의견,그래서 우짤거임 포기야 일단 오늘은 ?
2,B(2),의견,오늘까지 또 뭐 계획서 써야하나 ?
2,B(2),의견,양식 있나
2,B(2),의견,내일 발표전까지 다시 하라 하시는데 ..?
2,B(2),의견,비상이다
2,B(2),의견,나도 .. 어쩌지 ㄹㅇ
2,B(2),의견,쓸거 많아 ? 나 밖이라
2,B(2),의견,지금 하자
2,B(2),의견,고고
2,B(2),의견,그럼 이제 제안서 써 ?
2,B(2),의견,아니 미로 계속 튕기는디 ;;;ㅠㅠㅠㅠ 내가 할거 남겨놔 …
2,B(2),의견,이제 이거만 쓰면 되는거야 ?
2,B(2),의견,technique랑 materials 부분 우리가 쓰면 될듯?
2,B(2),의견,또 준비할 거 있나 내일 발표는 어떤식으로 하는거지 ..
2,B(2),의견,materials 내가 썼어
2,B(2),의견,technique도 하나 썼는데 한 명당 하나씩 추가하며ㄴ될 듯
2,B(2),의견,우리 오늘 9시에 발표하는거야 ?
2,B(2),의견,나 조금 늦을듯 ㅠ 지금 뭐해야해 ???
2,B(2),의견,우리 발표 누가해
2,B(2),의견,고마워..파이팅
2,B(2),의견,131개의 비닐을 이용해서 presentational한 무언가 작품으로 표현
2,B(2),의견,이거 끝나고 바로 만들 수 있나
2,B(2),의견,원래 랩실 예약해야돼?
2,B(2),의견,교수님 오늘 계속 계신다 했으니까 괜찮지 않나?
2,B(2),의견,댓글 달까 ?
2,B(2),의견,했유
2,B(2),의견,모양 어떤거 할건지 정확히 정하고 다시 한번 최종적으로 검토 받은 다음에 재료 준비해서 만들기 시작하면 될 듯 ?!
2,B(2),의견,계속 거기 계시려나
2,B(2),의견,그러면 법학에서 볼까 ?
2,B(2),의견,나 동아리 때문에 11:30쯤 합류할거같긴해 ..
2,B(2),의견,오키오키 그전에 장소 옮기게 되면 알려죠
2,B(2),의견,받고 만들기 시작해야지
2,B(2),의견,그리고 난 일요일에 못 올것 같아서 오늘 내가 남아서 오래 할게 ..! 2시간 통학 오바임 ..
2,B(2),의견,오늘 어떻게 할지 확실히 정하면 시간될 때 각자 와서 해도 될듯 ?
2,B(2),의견,잉 어디 계시지
2,B(2),의견,랩에 계신가 …
2,B(2),의견,일단 법학으로 가 그래도 ????
2,B(2),의견,교수님이 안계신다 해서 ..
2,B(2),의견,3층으로 갈게 나도 지금
2,B(2),의견,*아 어디야 ?????
2,B(2),의견,여러분 자를 가위가 없는데여 ….?
2,B(2),의견,어딨는지 아시는 분?
2,B(2),의견,철사도 131번 자르면 되는거야 ~~~?
2,B(2),의견,딱 40개 했더니
2,B(2),의견,다 씀 ..
2,B(2),의견,아까 우리가 계산 잘못했네 20m면 2000cm니까 50cm하면 40개밖에 안나오네
2,B(2),의견,일단 40개 완료 ^^ 내일 더 사와서 해야할듯 ?
2,B(2),의견,노가다야 진짜
2,B(2),의견,다목적실 프린터기 옆에 뒀음 !!!!
2,B(2),의견,수고했오
2,B(2),의견,이거 언제까지지 근데 진짜
2,B(2),의견,굿굿
2,B(2),의견,오늘까지 채워?
2,B(2),의견,오키 ...
2,B(2),의견,개인당 하나씩 쓰는겨 ?
2,B(2),의견,아아 알겠오 땡큐
2,B(2),의견,우리 월요일까지 최종본 만드는거였다는데 다 된거야 ….?
2,B(2),의견,같이 실험하는 애들이 낼 최종본 발표하는거라길래 ….
2,B(2),의견,내일 발표 해주실 분 ~~ 저번처럼 하는건가
2,B(2),의견,매주 해야하나
2,B(2),의견,그 액자 사서 넣어야하는거 아냐 .????
2,B(2),의견,내일 끝나고 잠깐 할까
2,B(2),의견,오늘 끝나고 ㄱㄱ?
2,B(2),의견,금방 하지 않을까
2,B(2),의견,5시에 끝나고 다목적실 ?
2,B(2),의견,액자 사와야하나 ?
2,B(2),의견,그거말고 할거 또 있나 ?
2,B(2),의견,우리 내일 발표는 어떡할까
2,B(2),의견,좋아 !!
2,B(2),의견,발표자 두 명 같은데
2,B(2),의견,와우 ……그럼 모두가 발표해야하는거?
2,B(2),의견,아 맞아 이번주꺼 써야지
2,B(2),의견,두 명 정하면 되나 발표 ...?
2,B(2),의견,오
2,B(2),의견,아니 솔직히 나 이해가 안가 뭐 어떻게 진행되는건지 ...
2,B(2),의견,그럼 마지막 발표 *이가 해주면
2,B(2),의견,나머지 7명 중에 4명이 동기들한테 발표하는건가 ..?
2,B(2),의견,음
2,B(2),의견,1부 때 2명 2부 때 2명 ....?
2,B(2),의견,그러자 ...
2,B(2),의견,사다리?
2,B(2),의견,헉
2,B(2),의견,연장자들이 빠지게 되었네
2,B(2),의견,수고했다 ㅠㅠ 밤샜네 거의
2,B(2),의견,그리고 어제 만든 사람들 릴레이 저널 써주라
2,B(2),의견,몇 층이야 우리 오늘 ?
2,B(2),의견,* 어디야
2,B(2),의견,4층 가야해 ????
2,B(2),의견,내일 학교 와야하는거 아니지 ?
2,B(2),의견,없어
2,B(2),의견,노천에서 피자 어떤데
2,B(2),의견,수고했어 ㅠㅜㅠㅠ
2,B(2),의견,아침 ………
2,B(2),의견,나 uss 영상 촬영해야해서 30분으로 해도돼 ….?
2,B(2),의견,그거 만들어야 하는건가 ??
2,B(2),의견,박물관에서 만들기 …..?
2,B(2),의견,근데 나 내일 실험 있어서 ㅠ
2,B(2),의견,한번에 다 가야하나
2,B(2),의견,엥 실험 c조 있을걸 ….?
2,B(2),의견,6시에 가는사람 ?
2,B(2),의견,이따가 우리도 안가도 되는겨 ...?
2,B(2),의견,슬랙에 남겨둬야 하나
2,B(2),의견,이렇게 하기로 한거야 ????
2,B(2),의견,지금 가서 하고 있는 사람 있어 ??
2,B(2),의견,어떻게 하는지 모르는데 보면 알겠지 .??
2,B(2),의견,난 실험 끝나고 늦게 갈듯
2,B(2),의견,못 가 ….?
2,B(2),의견,내일 수업 전까지 해야하는거지 …?
2,B(2),의견,오늘 실험인 사람 나밖에 없나
2,B(2),의견,아 진짜 ???
2,B(2),의견,오키 ….곰아워
2,B(2),의견,나 아이프로페서 ㅠ
2,B(2),의견,가면가 ~
2,B(2),의견,우와
2,B(2),의견,이모티콘
2,B(2),의견,박물관 가야대 ?????
2,B(2),의견,내일 라프 6시까지라던데...........
2,B(2),의견,우리 낼 회식 해 ~~?
2,B(2),의견,다른 분들은여
2,B(2),의견,몇 시 ?????
2,B(2),의견,헉 ㅠ
2,B(2),의견,아님 종강하구 ㄱㄱ ?????
2,B(2),의견,종강하고 볼까 그럼 다같이 될 때
2,B(2),의견,이모티콘
2,B(2),의견,서연 내일 안돼 ㅠㅠ?
2,B(2),의견,그럼 오늘로 ?
2,B(2),의견,난 하고있어 ...........
2,B(2),의견,이모티콘
2,B(2),의견,다들 과제 이슈로 바쁘면 다른날 보던가 ~!
2,B(2),의견,acdt 발표 이슈가 있긴해 지금
2,B(2),의견,갑자기 내일 발표 맡아서 위기야
2,B(2),의견,같이 해뜰먹 하고싶다 조교님이랑
2,B(2),의견,11:30……
2,B(2),의견,ㄱㄱ
2,B(2),의견,가는중
2,B(2),의견,박물관에서 만나는거지 ??
2,B(2),의견,다들 어디얏
2,B(2),대답,웅
2,B(2),자료,사진 2장
2,B(2),자료,파일: Week 4 Assisgment_checklist.pptx
2,B(2),자료,사진
2,B(2),자료,사진
2,B(2),자료,이거 사진은 안 넣어도 돼 ?
2,B(2),자료,사진
2,B(2),자료,사진
2,B(2),자료,사진
2,B(2),자료,사진
2,B(2),자료,사진
2,B(2),자료,러닝 저널인가 뭔가 매주 쓰라고 하셨잖아 그래서 뭔가 활동한 사진 필요할듯 ..?
2,B(2),자료,사진
2,B(2),자료,사진
2,B(2),자료,사진
2,B(2),자료,여기에 액자에 넣은 사진 첨부해야할 것 같은데 .?
2,B(2),자료,https://miro.com/app/board/uXjVIfTQX7g=/
2,B(2),자료,사진
2,B(2),자료,무슨 링크 ???
2,B(2),자료,미로에 이써 쿠팡 링크
2,B(2),잡담,ㅇㅋㅇㅋ
2,B(2),잡담,ㅇㅋㅇㅋ땡큐
2,B(2),잡담,ㅋㅋㅋㅋㅋㅋㅋㅋㅋㅋㅋㅋㅋㅋㅋㅋ
2,B(2),잡담,베스트 작품으로 틀어줄지도 ㅋㅋㅋㅋㅋㅋㅋㅋㅋ
2,B(2),잡담,응 ..? 진짜 ? ㅋㅋㅋㅋㅋㅋㅋㅋㅋㅋㅋㅋ
2,B(2),잡담,ㅋㅋㅋㅋㅋㅋㅋㅋㅋㅋㅋㅋㅋㅋㅋㅋㅋ
2,B(2),잡담,너무웃겨 ㅋㅋㅋㅋㅋㅋㅋㅋㅋㅋ
2,B(2),잡담,ㅇㅋ빨리갈게 ….
2,B(2),잡담,ㅋㅋㅋㅋㅋㅋㅋㅋㅋ
2,B(2),잡담,플립러닝 보신 분 ㅋㅋㅋㅋㅋㅋㅋㅋㅋ?
2,B(2),잡담,그니까 뭘하는건데 ㅋㅋㅋㅋㅋㅋㅋ
2,B(2),잡담,ㅋㅋㅋㅋㅋㅋㅋ그럼 일단 그거부터 두명씩 쓸까
2,B(2),잡담,처음칸 *이랑 *가 써봐 ㅋㅋㅋㅋ
2,B(2),잡담,ㅇㅋㅇㅋ 다 쓰면 톡 남겨줘
2,B(2),잡담,ㅋㅋㅋㅋ알겠어
2,B(2),잡담,ㅋㅋㅋㅋㅋㅋㅋㅋㅋㅋㅋㅋㅋㅋㅋㅋ
2,B(2),잡담,오 ㅋㅋㅋㅋㅋㅋㅋ잘했네 고생했다
2,B(2),잡담,그니까 해야해 ㅋㅋㅋㅋㅋㅋㅋㅋㅋㅋ
2,B(2),잡담,아 ㅇㅋㅇㅋ 나갔다 다시 들어갈게
2,B(2),잡담,ㅇㅋㅇㅋ
2,B(2),잡담,ㅋㅋㅋㅋㅋㅋㅋㅋㅋㅋㅋㅋㅋㅋㅋ뭐여
2,B(2),잡담,ㅋㅋㅋㅋㅋㅋㅋㅋㅋㅋㅋㅋㅋㅋㅋ
2,B(2),잡담,?????ㅋㅋㅋㅋㅋㅋㅋㅋㅋㅋㅋ첨 듣는데
2,B(2),잡담,ㅋㅋㅋㅋㅋㅋ저녁ㅍ?
2,B(2),잡담,다 결정장애들이야 우리 ?ㅋㅋㅋㅋㅋㅋㅋㅋ
2,B(2),잡담,ㅋㅋㅋㅋㅋㅋㅋㅋㅋㅋㅋㅋ종강하면 *이 아예 안되는거 ?
2,B(2),잡담,ㅋㅋㅋㅋㅋㅋㅋㅋㅋㅋㅋ담에 보자 그럼
2,B(2),의견 및 일정조율,내일 밤 아니면 화요일 2시?
2,B(2),의견 및 일정조율,화요일 2시 안되는사람
2,B(2),의견 및 일정조율,내일 그럼 밤 11시 어때 다들
2,B(2),의견 및 일정조율,안돼 화학 할 시간 없오 ..
2,B(2),의견 및 일정조율,오늘 11시 ?
2,B(2),의견 및 일정조율,나 9시
2,B(2),의견 및 일정조율,그럼 마지막 타임 ?
2,B(2),의견 및 일정조율,세은아 내일 3명으로 신청한거야 11-12시?
2,B(2),의견 및 일정조율,아 12-1시?
2,B(2),의견 및 일정조율,난 9시 타임이라 가능할 듯
2,B(2),의견 및 일정조율,11시 넘었다 얘들아 하자
2,B(2),의견 및 일정조율,12-1시 아냐?
2,B(2),의견 및 일정조율,다들 내일 시간 언제 가능한지 말해줘
2,B(2),의견 및 일정조율,내일 11시 다 되는거면 합주시간 옮겨볼게
2,B(2),의견 및 일정조율,11-1시 ?
2,B(2),의견 및 일정조율,몇시 하까
2,B(2),의견 및 일정조율,6시 가능?
2,B(2),의견 및 일정조율,ㅇㅋㅇㅋ 그럼 저녁팀은 6시 ?
2,B(2),의견 및 일정조율,내일 9시 전에는 안열지 …..?
2,C(2),의견,저 오늘 스파크가 있어서 괜찮을까요?ㅜㅜ
2,C(2),의견,제가 그룹 D조라서 12시쯤 끝날 것 같아요
2,C(2),의견,아니면 수업 들으면서 최대한 해보겠습니다!
2,C(2),의견,전 이거 두 개만 있어요
2,C(2),의견,더 구체적으로 하라는 것 같은데 잘 모르겠어
2,C(2),의견,그니까 화요일까지래
2,C(2),의견,그치그치
2,C(2),의견,응응
2,C(2),의견,4시일걸
2,C(2),의견,아마?
2,C(2),의견,그럴 것 같ㅇ아
2,C(2),의견,오
2,C(2),의견,근데 베스트 그룹 뽑는 거니까
2,C(2),의견,하나만 봐도 괜찮을 것 같은데
2,C(2),의견,대본??
2,C(2),의견,근데 그거 22일까지 아니야?
2,C(2),의견,아아
2,C(2),의견,오늘은 뭐 제출해여해??
2,C(2),의견,아아
2,C(2),의견,아마?
2,C(2),의견,바꾸는 거 좋은 것 같아
2,C(2),의견,2층
2,C(2),의견,거의 다 읽었네
2,C(2),의견,그거 2-3명 정도 나누라고 하셨지 않았나?
2,C(2),의견,근데 뭘 만들어야 하는 거 아니야?
2,C(2),의견,뭘 만들긴 해야 할 것 같은ㄴ데
2,C(2),의견,지피티는 다 비슷한듯
2,C(2),의견,아이고…
2,C(2),의견,예약 언제야?
2,C(2),의견,혹시 다들 어디신가요??
2,C(2),의견,운동장앞에
2,C(2),의견,건물 안으로
2,C(2),의견,근데 오늘 만드는게 최종본이래
2,C(2),의견,우리가 제대로 정한 게 없어서 어떻게 나올지 잘 모르겠아
2,C(2),의견,재료도 오늘 알았고
2,C(2),의견,수요일날 발표 아니야?
2,C(2),의견,오늘 실험 이론 있어서 재료까지 사와서 다 만들기가 시간이 애매해
2,C(2),의견,내일도 만들 수 있다고 해서
2,C(2),의견,내일 만들어야 할 것 같아
2,C(2),의견,이따 단톡에 아이디어 구체적으로 보낼테니까 다들 의견 주세요
2,C(2),의견,비닐봉지 200개로 에코백 하나를 만들건데 약간 수식 같은 거 들어가면 좋다고 하심. ex) 에코백 200번 들어야 그때부터 친환경이다를 바탕으로 수식 만들기
2,C(2),의견,톡게시판 '공지': 비닐봉지 200개로 에코백 하나를 만들건데 약간 수식 같은 거 들어가면 좋다고 하심. ex) 에코백 200번 들어야 그때부터 친환경이다를 바탕으로 수식 만들기
2,C(2),의견,재료: 비닐봉지 200개
2,C(2),의견,이렇게 해서 내일 만들면 될 것 같습니다
2,C(2),의견,이런 수식 쓰면 될 것 같아요
2,C(2),의견,나도 *이랑 똑같아
2,C(2),의견,그냥 슬랙에 있는 거 하면 될 것 같아
2,C(2),의견,나 오늘 과외라서 시간이 애매해
2,C(2),의견,지금 뭐해여해?
2,C(2),의견,근데 미로 계속 튕겨서
2,C(2),의견,일단 해야 할 부뷴 남겨줘
2,C(2),의견,나 contents에 내용 조금만 수정할게
2,C(2),의견,테크닉 썼으니까
2,C(2),의견,나머지 더 채우면 될 것 같아
2,C(2),의견,찬성
2,C(2),의견,톡게시판 '공지': 131개 비닐로 무엇인가를 만들면 됨 그리고 에코백 하나랑 같이 전시하기 ~~
2,C(2),의견,톡게시판 '투표': 선착순
2,C(2),의견,그냥 11시라고 말하면 될 것 같아
2,C(2),의견,나 10분에 도착할 것 같아
2,C(2),의견,다들 법학에 있는 거 아니야?
2,C(2),의견,우리 지금 모였으니까 그래도 오는 게 나을 것 같아
2,C(2),의견,그럼 모여서 가자
2,C(2),의견,얼른 와
2,C(2),의견,괜찮으니까 우리 와서 아이디어 내고 빨리 가자
2,C(2),의견,1. 각자 19개씩 비닐 꽃 만들기(영상 보고 따라하기)(잎사귀랑 줄기도 각자 만들어야 해요)(흰색 비닐봉지로 꽃)
2,C(2),의견,톡게시판 '공지': 1. 각자 19개씩 비닐 꽃 만들기(영상 보고 따라하기)(잎사귀랑 줄기도 각자 만들어야 해요)(흰색 비닐봉지로 꽃)
2,C(2),의견,삭제된 메시지입니다.
2,C(2),의견,삭제된 메시지입니다.
2,C(2),의견,삭제된 메시지입니다.
2,C(2),의견,음
2,C(2),의견,그럼 다시 공지 올릴게
2,C(2),의견,우산 있긴 하ㅐ
2,C(2),의견,* 언니: 철사 자르기
2,C(2),의견,톡게시판 '공지': * 언니: 철사 자르기
2,C(2),의견,톡게시판 '투표 종료 전 알림': 선착순
2,C(2),의견,톡게시판 '투표 종료': 선착순
2,C(2),의견,오키
2,C(2),의견,4층가서 하자
2,C(2),의견,근데 우리 작품 다목적실에 이ㅛ을걸
2,C(2),의견,그래
2,C(2),의견,이거 다목적실에 있어
2,C(2),의견,그냥 다이소에서 청테이프 사면 될 것 같아
2,C(2),의견,아마 줄기가 25cm 정도야
2,C(2),의견,근데 우리 꽃이 125?개 정도
2,C(2),의견,131개가 아니야
2,C(2),의견,stdt 만들기 한 거 릴레이 채워주세요
2,C(2),의견,릴레이 25% 들어간대요
2,C(2),의견,그건 모르겠어
2,C(2),의견,25% 들어간다고 하니까 좀 자세히 써야 할 것 같아
2,C(2),의견,그건 아닌데 언니는 철사 잘랐으니까 그거 쓰면 될 것 같아
2,C(2),의견,우리가 어떻게 했는지 쓰는거라서
2,C(2),의견,액자 다 완성하면 아마?
2,C(2),의견,나 일단 다목적실 왔어
2,C(2),의견,사올거면 얼른 사야해
2,C(2),의견,다들 2층으로 오세요
2,C(2),의견,이 정도
2,C(2),의견,테이프 사는 과정 찍어야해
2,C(2),의견,@*(인칼) @*(인칼) 테이프 샀어?
2,C(2),의견,그 2명씩 짝지어서 2번 동기들한테 발표하고 박물관 큐레이터나 교수님께 한 번 더 발표한대
2,C(2),의견,정하고 준비해서 발표해야 할 것 같아
2,C(2),의견,모두는 아닐걸?
2,C(2),의견,그리고 우리 내일이 마지막이니까 러닝 저널 더 채워서 제출하자
2,C(2),의견,아마
2,C(2),의견,마지막 발표는 누가 해?
2,C(2),의견,동기들한테 2번 발표하고 그 이후로 피드백 받고 수정해서 마지막에 교수님과 큐레이터께 최종발표래
2,C(2),의견,아마도
2,C(2),의견,그럼 일단 지금 최종발표 할 사람 1명 뽑을게
2,C(2),의견,샵검색: #사다리타기
2,C(2),의견,삭제된 메시지입니다.
2,C(2),의견,*이가 최종발표
2,C(2),의견,2명 따로따로 돌릴게
2,C(2),의견,샵검색: #사다리타기
2,C(2),의견,샵검색: #사다리타기
2,C(2),의견,"1차발표: *, a"
2,C(2),의견,"톡게시판 '공지': 1차발표: *, a"
2,C(2),의견,@*(인칼) 랄레이 저널 채워주고
2,C(2),의견,이거 조금 더 채워야 할 것 같아
2,C(2),의견,리플렉션 좀만 더 써봐
2,C(2),의견,너무 짧아
2,C(2),의견,힘들었던 점이나 약간 처음에는 ~가 어려웠는데 점점하면서 발전했다
2,C(2),의견,이런 식?
2,C(2),의견,지피티 ㄱㄱ
2,C(2),의견,그건 잘 모르겠어
2,C(2),의견,혹시 프린트 오래 걸려??
2,C(2),의견,뛰어올 수 있어?
2,C(2),의견,Hello. We created a work based on the theme of the paradox of eco-friendly products.
2,C(2),의견,모르겠어
2,C(2),의견,일단 영어로 하긴 했어
2,C(2),의견,이거 미로에 올려서 러닝저널 써주라
2,C(2),의견,스티커 받아야해서
2,C(2),의견,다들 올라오세요
2,C(2),의견,우리 1명이 영어로 발표해야한대
2,C(2),의견,4층
2,C(2),의견,그럼 그냥 그걸로 하자
2,C(2),의견,나도 오늘 끝나고 라프 교수님 만나야해서 할 거 남겨두면 내가 내일 오후에 할게...
2,C(2),의견,난 내일이 더 편하긴 해
2,C(2),의견,근데 오늘 가서 하는 게 액자에 끈 달고 줄기 교체하면 돼?
2,C(2),의견,쿠팡에서 시킨 거 박물관에 있어>?
2,C(2),의견,오키
2,C(2),의견,5시까지 열어준다고 하셨어
2,C(2),의견,그 전에 해야할듯
2,C(2),의견,나도 지금 가
2,C(2),의견,죄송합니다ㅜㅜㅜ늦잠을 자서 못 갔어요…
2,C(2),의견,오키
2,C(2),의견,나도 gmg인데 과제를 해야해…
2,C(2),의견,그럼 다음에 만나?
2,C(2),의견,일단 나도 밥 먹을게
2,C(2),의견,가는중
2,C(2),의견,그냥 우리 그거 치우면 끝나는 것 같아
2,C(2),의견,박스만 옮기면 끝나
2,C(2),대답,네
2,C(2),대답,응
2,C(2),대답,응
2,C(2),대답,응
2,C(2),대답,응
2,C(2),자료,사진 2장
2,C(2),자료,사진 2장
2,C(2),자료,사진
2,C(2),자료,사진
2,C(2),자료,사진
2,C(2),자료,그리고 내일 중간중간 만드는 과정 사진 찍어서 러닝저널에 써야한대
2,C(2),자료,@*(인칼) 액자할 때 이 사진처럼 끈도 다 하는거지?
2,C(2),자료,사진
2,C(2),자료,사진
2,C(2),자료,사진 2장
2,C(2),자료,사진
2,C(2),자료,사진
2,C(2),자료,사진
2,C(2),자료,사진
2,C(2),자료,사진
2,C(2),자료,사진
2,C(2),자료,https://miro.com/app/board/uXjVIfTQX7g=/?moveToWidget=3458764627891787400&cot=14
2,C(2),잡담,ㅎㅎ
2,C(2),잡담,ㅇㅋㅇㅋ
2,C(2),잡담,ㅋㅋㅋㅋㅋㅋ
2,C(2),잡담,ㅇㅋ
2,C(2),잡담,?ㅋㅋㅋㅋㅋ
2,C(2),잡담,ㅋㅋㅋㅋㅋㅋㅋㅋ
2,C(2),잡담,ㅋㅋㅋㅋㅋㅋㅋㅋㅋ
2,C(2),의견 및 일정조율,일요일 4시 법학관 2층
2,C(2),의견 및 일정조율,톡게시판 '공지': 일요일 4시 법학관 2층
2,C(2),의견 및 일정조율,난 10시 30분
2,C(2),의견 및 일정조율,나도 1시 좀 넘어서 갈 것 같아
2,C(2),의견 및 일정조율,오늘 5시 안에 끝내야 될 것 같은데
2,C(2),의견 및 일정조율,다들 언제 도착해?
2,D(2),의견,저는 가능합니다!
2,D(2),의견,여러분 혹시 저번주에
2,D(2),의견,그 Theme이 총 5개가 있는데 저번에 했던 상대랑 theme 하나씩 맡는거로 하면 될 것 같습니다!
2,D(2),의견,저랑 *가 theme 1 2하겠습니다!
2,D(2),의견,저는 좋습니다!
2,D(2),의견,저는 상관없습니다!
2,D(2),의견,완료했습니다~
2,D(2),의견,하라고 하던데요..?
2,D(2),의견,옙
2,D(2),의견,수고하셨슴다~
2,D(2),의견,옙
2,D(2),의견,옙
2,D(2),의견,저도 잇슴다
2,D(2),의견,모순 관련해서 아무 아이디어면 되는건가요..?
2,D(2),의견,오케
2,D(2),의견,아마도?
2,D(2),의견,그게 문제긴 해..
2,D(2),의견,주제바탕으로 미술 만드는게 아닐까?
2,D(2),의견,거대한 ‘재활용 로고’ 조각 (♻️)
2,D(2),의견,저도 내일 2시부터 가능할 것 닽습니다
2,D(2),의견,그 다른 조 얘기 들어보니까
2,D(2),의견,재료 사가지고 좀 있다가 만든다는데 그렇게라도 해야하지 않을까요..?
2,D(2),의견,옞
2,D(2),의견,옙
2,D(2),의견,그 혹시...
2,D(2),의견,시제품 어떤 식으로 만들어야하는지 방향성을 좀 알려주실 수 있으실까요..?
2,D(2),의견,만들어야하는데 위에 그림 이해를 못해서.
2,D(2),의견,얼추 완성품입니다
2,D(2),의견,...
2,D(2),의견,저도 일정있어서..
2,D(2),의견,흠..
2,D(2),의견,그거 표현하려고 한 거긴 한데..
2,D(2),의견,근데 저거 걍 가져가도 되려나..? 의논한게 아니라고 빠꾸먹이셨는데..
2,D(2),의견,오케;;
2,D(2),의견,다른 조 좀 빡쎄게 준비하긴 하던데
2,D(2),의견,중국에서 연기발생기 사고 막 그러더만
2,D(2),의견,나도 모르겠음..
2,D(2),의견,주제 바꿀 생각 있으시면 이것도 있기는 한데
2,D(2),의견,나도 모르겠으.. 걍 혹시 그래야하면 저거 있다고 하려고
2,D(2),의견,랩에서 토론한 거 얘기하시는건가..?
2,D(2),의견,굿굿
2,D(2),의견,ㅜ...
2,D(2),의견,저도 가능할 것 같습니다
2,D(2),의견,모양때매 상자로 바꾸셨으
2,D(2),의견,저 할까요..?
2,D(2),의견,저랑 한 명 더 해서 2명이
2,D(2),의견,마지막 발표하는 거 아니였나요?
2,D(2),의견,안타깝게도 영어일 것 같은데..
2,D(2),의견,그러게..?
2,D(2),의견,최종발표가 언제지..?
2,D(2),의견,그 박물관 관계자 발표도 내일이라고..?
2,D(2),의견,..
2,D(2),의견,잠 거를게요..
2,D(2),의견,대본 적긴 적었는데
2,D(2),의견,더 추가되어야하거나 고쳐야 할 내용 있으면 알려주십쇼
2,D(2),의견,"안녕하십니까 저희는 이번에 '친환경의 역설'을 주제로 작품을 만들고 발표를 하게 되었습니다. 세상에 많은 제품들이 환경을 보호하기 위해 친환경적으로 만들어지고 있지만, 이러한 제품, 선택들이 오히려 환경을 해치게 되는 친환경의 역설이 발생하기도 합니다. 저희는 에코백을 메인 소재로 선정하여 친환경의 역설에 대해 표현하고자 하였습니다. 비닐봉투보다 더 친환경적이라고 판단되었던 에코백은 실제로는 131회 이상을 사용하여야 친환경의 효과가 나타나지만, 그만큼 사용하지 않게 되면서 오히려 친환경적이지 못한 상황이 발생하게 되었습니다. 저희는 이러한 모순을 강조하고자, 에코백을 장례식장의 헌화대에 올려놓는 작품을 구성하여, 오히려 환경이 파괴되고 있음을 나타내고자 하였습니다."
2,D(2),의견,구성은 작품주제와 제작 의도로 넣었습니다
2,D(2),의견,다이소 10시에 열어서
2,D(2),의견,조금 늦게 갈 것 같습니다
2,D(2),의견,액자 리본 청테이프 이외 더 필요한 거 있나?
2,D(2),의견,ㄱㄱ
2,D(2),의견,ㄴㄴ
2,D(2),의견,다 말아서 괜찮을 것 같습니다
2,D(2),의견,힘들 것 같습니다..
2,D(2),의견,저도 가능합니다
2,D(2),의견,종강 후는 저는 힘들 것 같습니다
2,D(2),의견,조금 빡쎄긴 할 것 같습니다
2,D(2),자료,활동한 거 사진찍으신 분은 없으싷까요?
2,D(2),자료,사진 2장
2,D(2),자료,사진
2,D(2),자료,사진
2,D(2),자료,사진
2,D(2),잡담,ㅇㅋ
2,D(2),의견 및 일정조율,근데 하면 언제 하는거..?
2,E(2),의견,그 피피티 찾아봐야할듯??
2,E(2),의견,주제별로 effect? 뭐 그런거 설정하는 거였던 것 같은데
2,E(2),의견,1인당 하나임요?
2,E(2),의견,근데 왜 두개 가져가?
2,E(2),의견,굿굿 ~~~
2,E(2),의견,저걸 어따 내야되는겨??
2,E(2),의견,구글 슬라이드 만들어서 ㄱㄱ하면 될듯?
2,E(2),의견,구글 슬라이드로 내야되네
2,E(2),의견,만드셈
2,E(2),의견,ㄳㄳ
2,E(2),의견,우리 8페이지로 ㄱㄱ
2,E(2),의견,너랑 나지?
2,E(2),의견,난데
2,E(2),의견,?
2,E(2),의견,엥
2,E(2),의견,그래?
2,E(2),의견,그럼 9페이지 ㄱㄱ
2,E(2),의견,disease 는 11쪽인데?
2,E(2),의견,걍 emotion으로 ㄱㄱ
2,E(2),의견,누구 한명만 내면 되나요???
2,E(2),의견,이모티콘
2,E(2),의견,감사합니다*^
2,E(2),의견,ㄷㄷ
2,E(2),의견,슬랙에 올리는게 어때용
2,E(2),의견,슬랙에 뭐 쓰라고
2,E(2),의견,네넵
2,E(2),의견,블레이크 님이
2,E(2),의견,올리셨던ㄷ
2,E(2),의견,기기
2,E(2),의견,R or B가 머임요..??
2,E(2),의견,루프 말하는건가
2,E(2),의견,무슨 balanced 루프 ??
2,E(2),의견,머 그런거 잇긴 했음
2,E(2),의견,이거 화살표
2,E(2),의견,긍정적이랑
2,E(2),의견,부정적 나눠서 한것인지요??
2,E(2),의견,긍정적이랑 부정적
2,E(2),의견,화살표 다르게 써야하는 걸로 기억하는데
2,E(2),의견,깜짝 놀람
2,E(2),의견,저것만 넣는게 아니라
2,E(2),의견,다른 단어도 넣어야댐
2,E(2),의견,아마??
2,E(2),의견,emotion 끝이요^^
2,E(2),의견,근데 기한 내일까지 아니야??
2,E(2),의견,딴 팀 애들은 내일이라고 그러던데
2,E(2),의견,일찍 하면 좋지
2,E(2),의견,쨋든 우리팀은 끝이요
2,E(2),의견,내일 ~~
2,E(2),의견,이지 않나
2,E(2),의견,모르겠다
2,E(2),의견,ㄴㄴㄴㄴㄴㄴㄴㄴㄴ제발 ㅜ
2,E(2),의견,왜
2,E(2),의견,?
2,E(2),의견,네네
2,E(2),의견,이모티콘
2,E(2),의견,ㄷㄷ
2,E(2),의견,예..
2,E(2),의견,??
2,E(2),의견,그것도 안걸리겟지?
2,E(2),의견,다외워가면
2,E(2),의견,이모티콘
2,E(2),의견,오키
2,E(2),의견,가고…잇어요……..
2,E(2),의견,수치스러워서차마못누르겠음
2,E(2),의견,이모티콘
2,E(2),의견,모른ㄴ드ㅔ요
2,E(2),의견,아니 ㅜㅜㅜ
2,E(2),의견,이거 다른팀도 볼 수 잇는거 실화임요??
2,E(2),의견,하..
2,E(2),의견,지금 우리팀 애가
2,E(2),의견,영상 틀겟다고 ㅜ
2,E(2),의견,ㅜ
2,E(2),의견,나락
2,E(2),의견,저 자퇴할게요
2,E(2),의견,이수치플을 감당할 수 없어요
2,E(2),의견,설명은 다 보라고 돼있긴해요
2,E(2),의견,베스트 그룹 써야하니까 다 보라고 그러던데
2,E(2),의견,근데 우리의 피드백을
2,E(2),의견,교수님들이 평가한다고
2,E(2),의견,써져잇긴 함요
2,E(2),의견,넹
2,E(2),의견,??무슨과제지
2,E(2),의견,ㅜㅜ 저녁 아님
2,E(2),의견,수업 시간에 ㄱㄱ
2,E(2),의견,흠흠
2,E(2),의견,Final Submission: System Map (Version 4 - Final)
2,E(2),의견,기기
2,E(2),의견,머지
2,E(2),의견,영상 스크립트..?
2,E(2),의견,이모티콘
2,E(2),의견,굿굿 ❤️
2,E(2),의견,어어...????
2,E(2),의견,그런거야...?????
2,E(2),의견,슬랙에서 얘기하기 ㄱㄱ
2,E(2),의견,한국말로 써도 된대
2,E(2),의견,22??
2,E(2),의견,그런듯요??
2,E(2),의견,ㅇㄴ STDT 옵셔널도
2,E(2),의견,다 썻어요??
2,E(2),의견,개많은데;;
2,E(2),의견,ㄷㄷ 넹!!!😍😍
2,E(2),의견,저두 ..그래야겟
2,E(2),의견,ㄹㅇ ㅜㅜㅜㅜㅜㅜㅜ
2,E(2),의견,하..
2,E(2),의견,ㅜㅜ 그게맞다 ~.진짜
2,E(2),의견,ㅇㄴ
2,E(2),의견,Basic grading - The Compulsory questions
2,E(2),의견,이건데
2,E(2),의견,그럼 해야되는거 아님?
2,E(2),의견,additional grading인디..
2,E(2),의견,시험기간에 이게 뭐하는짓인지;;;;;
2,E(2),의견,ㄹㅈㄷ
2,E(2),의견,걍
2,E(2),의견,하..
2,E(2),의견,머??
2,E(2),의견,이건 오늘밤까진데??
2,E(2),의견,개인 과제가 22일까지임
2,E(2),의견,아니 ㅜ어떡해
2,E(2),의견,그래서 옵셔널 할거임 안할거임요??
2,E(2),의견,난 민심 따라간다
2,E(2),의견,ㄹㅇ???
2,E(2),의견,아니 근데 ADDITIONAL GRADING이라고 블레이크가
2,E(2),의견,써놓은거긴해
2,E(2),의견,ㄱ치
2,E(2),의견,그게 맞긴해~
2,E(2),의견,저는 볼드체만 합니다 ~~
2,E(2),의견,바로 드간다
2,E(2),의견,그럼 우리가 텀블러 유저할게~^^
2,E(2),의견,아님 우리도 쉬운 걸로 바꿔줘 ㅜ …..제발료……
2,E(2),의견,이모티콘
2,E(2),의견,!???
2,E(2),의견,이모티콘
2,E(2),의견,So kind…
2,E(2),의견,근데 그
2,E(2),의견,*이
2,E(2),의견,오면
2,E(2),의견,바꿀지 정확하게 정하는거 어떰 *이가 아직 안봐서
2,E(2),의견,오키 그럼 바꾸자
2,E(2),의견,감가합니다*^ *님 *님
2,E(2),의견,😍
2,E(2),의견,ㅇㄷ임
2,E(2),의견,제발 알려주세요
2,E(2),의견,나 아직 도착 안함
2,E(2),의견,오카이~
2,E(2),의견,모르겟긴해~
2,E(2),의견,ACDT밖에 모름
2,E(2),의견,ㅇ ㅏ
2,E(2),의견,예…….
2,E(2),의견,이모티콘
2,E(2),의견,아님.
2,E(2),의견,우리 몇층
2,E(2),의견,?
2,E(2),의견,간당
2,E(2),의견,ㅇㄷ임
2,E(2),의견,왜 안옴
2,E(2),의견,ㅃㄹ
2,E(2),의견,오셈
2,E(2),의견,..
2,E(2),의견,05님들......
2,E(2),의견,;;;;
2,E(2),의견,ㄱㅊ
2,E(2),의견,얼마나 걸림
2,E(2),의견,..?
2,E(2),의견,오카이
2,E(2),의견,걍 그때오삼
2,E(2),의견,05님들
2,E(2),의견,이것좀 생각해줘보셈
2,E(2),의견,요 ㅜㅜㅜ
2,E(2),의견,이게 예시야
2,E(2),의견,thx
2,E(2),의견,이모티콘
2,E(2),의견,모르것도 없다~
2,E(2),의견,이제 시작하면 되거든~~^^
2,E(2),의견,그 환경지키려고 햇는데
2,E(2),의견,그게 오히려 환경 망치잖아
2,E(2),의견,그래서 모순이라는 키워드로
2,E(2),의견,그걸 나타낼 수 있는
2,E(2),의견,작품을 만들어야댐
2,E(2),의견,그런너낌~~
2,E(2),의견,내일까진가??
2,E(2),의견,ㅇ ㅔ…
2,E(2),의견,ㅜ
2,E(2),의견,다들 되면 ㄱㄱ
2,E(2),의견,우리 언제로 신청?
2,E(2),의견,ㅃㄹ
2,E(2),의견,ㅃㄹ
2,E(2),의견,ㅡ
2,E(2),의견,몇명?
2,E(2),의견,오키 그럼 내가
2,E(2),의견,신청해놓을게
2,E(2),의견,우리 몇조지……..
2,E(2),의견,저번에 빠졋으니까
2,E(2),의견,4명어때
2,E(2),의견,???
2,E(2),의견,방금 변경된거야?
2,E(2),의견,금요일
2,E(2),의견,빠져서 바뀐거지?
2,E(2),의견,??
2,E(2),의견,뭐가
2,E(2),의견,근데
2,E(2),의견,3명 ㄱㅊ??
2,E(2),의견,우리가 최소인원이야
2,E(2),의견,이거 적어야돼
2,E(2),의견,그 노란색 박스
2,E(2),의견,교수님이 뭐 남기신듯?
2,E(2),의견,그럴듯
2,E(2),의견,yup
2,E(2),의견,IDK..
2,E(2),의견,멀로해?
2,E(2),의견,톡으로??
2,E(2),의견,여깃어용!
2,E(2),의견,자자 아이디어 ㄱㄱ
2,E(2),의견,흠..............................
2,E(2),의견,모순을 어케표현?함??
2,E(2),의견,일단 아이디어 ㄱㄱ
2,E(2),의견,근데 릴레이
2,E(2),의견,이거 쓰는거
2,E(2),의견,팀별이 그 인터뷰 팀이 아니라
2,E(2),의견,그냥 전체 팀 아니야??
2,E(2),의견,사실 잘 모르긴해
2,E(2),의견,난....
2,E(2),의견,그럼 *이랑 나
2,E(2),의견,두번째꺼 ㄱㄱ
2,E(2),의견,근데 이게 그건데 언니
2,E(2),의견,짜피 해야됨
2,E(2),의견,월욜까지
2,E(2),의견,May 7일에 한
2,E(2),의견,거에서
2,E(2),의견,이어서 하는거긴해~
2,E(2),의견,근데 짜피또 쓸데 없는거 쓸거 같긴해
2,E(2),의견,이어서 쓰는ㄱ네
2,E(2),의견,그래서
2,E(2),의견,아이디어
2,E(2),의견,머 할지 해야됨
2,E(2),의견,우리가 초안
2,E(2),의견,만드는거 해야돼서
2,E(2),의견,저기용~
2,E(2),의견,아무도 없엉?
2,E(2),의견,요?
2,E(2),의견,아ㅣㄴ 그래서
2,E(2),의견,우리 뭐 만들건데
2,E(2),의견,?
2,E(2),의견,근데 교수님이
2,E(2),의견,건축 자재 그거 마음에 들어하셨나?
2,E(2),의견,근데 피드백 해놓으신거 보면
2,E(2),의견,걍 우리 인터뷰
2,E(2),의견,그걸로 ㄱㄱ해도 될 것 같은데?
2,E(2),의견,ㅇㅈ??
2,E(2),의견,그래서
2,E(2),의견,이제 뭘 만들건지
2,E(2),의견,이야기좀......
2,E(2),의견,ㅇ ㅖ??
2,E(2),의견,미술이 아니라는게 무슨 말이지?
2,E(2),의견,그니까
2,E(2),의견,딴팀은
2,E(2),의견,뭐
2,E(2),의견,옷 위에다 헌옷을 붙인다 그랫나
2,E(2),의견,뭐 여튼 이런/...
2,E(2),의견,.
2,E(2),의견,지선생님은 이렇대
2,E(2),의견,2. 「재건축의 잔해」 모형
2,E(2),의견,난 다 괜찮긴해
2,E(2),의견,ㄴ ㅔ
2,E(2),의견,?
2,E(2),의견,아 도안 ~
2,E(2),의견,근데 visual draft는 직접 뭐 그려야되는거??
2,E(2),의견,대충 드간다
2,E(2),의견,그러면
2,E(2),의견,근데 나 이거 내일 아침에 그려 넣어도 댐??
2,E(2),의견,ㅜ
2,E(2),의견,우리 다음 팀은 그거 둘중에 하나 골라서
2,E(2),의견,또 그냥 비슷한 작품 뭐 있는지 찾는거 log 쓰면 될듯요?
2,E(2),의견,그리고 둘 중에 그걸 선택한 이유 쓰기 ㄱㄱ
2,E(2),의견,하면될듯
2,E(2),의견,근데 이거 두개라는게 머임??
2,E(2),의견,뭐랑 뭐 말하는거야?
2,E(2),의견,* *
2,E(2),의견,으로 ㄱㄱ
2,E(2),의견,그걸로 하자
2,E(2),의견,흠..
2,E(2),의견,그럼 어떡하지?
2,E(2),의견,그게맞긴하다~
2,E(2),의견,사다리타리 ㄱㄱ?
2,E(2),의견,일단 언니는 하는거지~??
2,E(2),의견,아닌감 ..
2,E(2),의견,이모티콘
2,E(2),의견,이모티콘
2,E(2),의견,언니고마워~~^^^
2,E(2),의견,그럼 나머지 두명 고르기 ㄱㄱ
2,E(2),의견,샵검색: #제비뽑기
2,E(2),의견,옼가이~~~
2,E(2),의견,근데 월요일에
2,E(2),의견,그냥 초안을 만드는거고
2,E(2),의견,18일까지 만드는거래
2,E(2),의견,다 만드는 거 아니니까 부담안가져도 될듯~?
2,E(2),의견,머가
2,E(2),의견,네넵
2,E(2),의견,총무
2,E(2),의견,제비뽑기 ㄱㄱ?
2,E(2),의견,샵검색: #제비뽑기
2,E(2),의견,*이~^^가 당첨되었어요~~^^
2,E(2),의견,에??
2,E(2),의견,테스트 용이라는데??
2,E(2),의견,테스트 한거랑
2,E(2),의견,아이디어를
2,E(2),의견,발표하는 거 같다는데?
2,E(2),의견,그걸로 피드백 주시는듯?
2,E(2),의견,내가 TA쌤한테 여쭤볼게
2,E(2),의견,그건 맞긴하다….
2,E(2),의견,재료 어떡하지??
2,E(2),의견,ㅕ오카이~~
2,E(2),의견,저는 내일 2-6
2,E(2),의견,실험..
2,E(2),의견,11-1
2,E(2),의견,GCA
2,E(2),의견,좋은데??
2,E(2),의견,너무 잘햇다 …….
2,E(2),의견,마즘
2,E(2),의견,그거 언제할래
2,E(2),의견,????????
2,E(2),의견,아니 하….
2,E(2),의견,ㄹㅈㄷ긴하다~~
2,E(2),의견,다들 집 감???
2,E(2),의견,나아직 학교긴해~~
2,E(2),의견,근데 이따 미적 팀플 있긴해~~
2,E(2),의견,저기요?
2,E(2),의견,답장좀~
2,E(2),의견,다른 분들은??
2,E(2),의견,이모티콘
2,E(2),의견,아니
2,E(2),의견,근데
2,E(2),의견,우리
2,E(2),의견,전시 기획안
2,E(2),의견,오늘까지 내는건데
2,E(2),의견,??
2,E(2),의견,근데 stdt 내일 발표해야돼?
2,E(2),의견,.......
2,E(2),의견,미쳤다
2,E(2),의견,와우 !
2,E(2),의견,ㄱㅊ은데
2,E(2),의견,승아 교수님이 원하는건지는 모르겟..
2,E(2),의견,아니 일단
2,E(2),의견,기획제안서 써얗
2,E(2),의견,해
2,E(2),의견,yup
2,E(2),의견,아니근데
2,E(2),의견,최종을 어덯게 할지 정해야 저걸 할 수 있을 것 같은데
2,E(2),의견,근데 그 131 숫자가
2,E(2),의견,131번 써야지
2,E(2),의견,똑같다는 그거야?
2,E(2),의견,내생가겡 그 비닐 가방은 가져가는게 맞는데
2,E(2),의견,종이빨대로 일단 뼈대좀 만드는 게 ㅇㄸ
2,E(2),의견,그리고 숫자를좀 잘보이게 해야할 듯
2,E(2),의견,근데 문제는 비닐 가방을 살려도
2,E(2),의견,모순을 어떻게 표현할지인데
2,E(2),의견,일단
2,E(2),의견,내일 생존을 위해서 ㄱㄱ
2,E(2),의견,비닐 가방 말고 다른 걸로 가도댐?? 나중에?
2,E(2),의견,열심히.. 만들엇잔
2,E(2),의견,아니면
2,E(2),의견,걍
2,E(2),의견,지금
2,E(2),의견,새로운 거 생각해봐?
2,E(2),의견,저거는 final 쓰는 거긴해
2,E(2),의견,승아님이 얼마나 화날지 ㅜㅜ 상상 안댐
2,E(2),의견,ㄷㄷ그니까
2,E(2),의견,??그게머지
2,E(2),의견,근데 생각해보니까
2,E(2),의견,건축 할떄 생기는 쓰레기
2,E(2),의견,이거는 애초에 우리 주제랑 안 맞는거 아님??
2,E(2),의견,교수님이 그거 좋아하셧던거 같은데
2,E(2),의견,아님
2,E(2),의견,종이 빨대로 나무 만드실?
2,E(2),의견,그리고 그 주변에는 플라스틱 빨대가 묻혀 잇는걸
2,E(2),의견,만드는거지...
2,E(2),의견,이모티콘
2,E(2),의견,주제를 아예 바꾸면 안되는거 아님?????
2,E(2),의견,좋긴해~
2,E(2),의견,?누구가요
2,E(2),의견,승아님?
2,E(2),의견,예........
2,E(2),의견,뭘 대체 토론했을까
2,E(2),의견,?
2,E(2),의견,흠...........
2,E(2),의견,근데 다른 분들은 왜 참여 안하심?
2,E(2),의견,의견좀
2,E(2),의견,ㅃㄹ
2,E(2),의견,아님 *이가
2,E(2),의견,보냈던거
2,E(2),의견,할래?
2,E(2),의견,랩?에서?
2,E(2),의견,그럼 ㄱㄱ
2,E(2),의견,근데 오른쪽에 잇는게 뭐임
2,E(2),의견,비닐봉지임?
2,E(2),의견,ㅖ..
2,E(2),의견,다들 ㄱㅊ
2,E(2),의견,?
2,E(2),의견,뭔소리야 이미 쓰고 있구만
2,E(2),의견,미로보드에 있음
2,E(2),의견,전체 미로보드에 잇어
2,E(2),의견,..
2,E(2),의견,technique & materials
2,E(2),의견,하면 될듯
2,E(2),의견,그리고 다른 거 괜찮은지 봐바
2,E(2),의견,@*(인칼) 근데
2,E(2),의견,이분은 어디 가심????????
2,E(2),의견,전체 미로보드 들어와서
2,E(2),의견,남은 칸 쓰면댐
2,E(2),의견,선택받은 자만 들어올 수 있는거야
2,E(2),의견,넵ㅂ
2,E(2),의견,ㅁㅊ나뎌 늦는다
2,E(2),의견,교수님 오심??
2,E(2),의견,ㄱㄱ
2,E(2),의견,131개 비닐로 무엇인가를 만들면 됨 그리고 에코백 하나랑 같이 전시하기 ~~
2,E(2),의견,* ㄴㅇㅅ
2,E(2),의견,* 캐리 ~~
2,E(2),의견,왓츠 롱?
2,E(2),의견,ㄹㅇ
2,E(2),의견,이런거?
2,E(2),의견,하고
2,E(2),의견,ㄹㅈㄷ긴해
2,E(2),의견,근데
2,E(2),의견,그
2,E(2),의견,우리
2,E(2),의견,예약 안하고 가도 됨???
2,E(2),의견,슬랙 봐바
2,E(2),의견,근데 오늘 우리 뭐 만들까?
2,E(2),의견,거?
2,E(2),의견,승아 교수님이
2,E(2),의견,법학 3층에 계신다는데
2,E(2),의견,컨펌만 받을거면 예약 안해도 되지 않을따?
2,E(2),의견,법학으로 가는게 맞지 않??
2,E(2),의견,어
2,E(2),의견,슬랙 읽어봐
2,E(2),의견,ㄴ ㅔ!!
2,E(2),의견,나도 …적금 늦을듯 하오..
2,E(2),의견,미안 ㅜ
2,E(2),의견,????왓더…..
2,E(2),의견,짜피 교수님 만나기 전레
2,E(2),의견,상의 해야되자나
2,E(2),의견,다목적실에
2,E(2),의견,계신대
2,E(2),의견,교수님
2,E(2),의견,나진짜러 조금만기다려주세요 ㅜ
2,E(2),의견,버스 타고 갑니다~~
2,E(2),의견,이모티콘
2,E(2),의견,이모티콘
2,E(2),의견,이모티콘
2,E(2),의견,죄송합니다
2,E(2),의견,네넵!
2,E(2),의견,근데 우리 교수님 만나고 옴
2,E(2),의견,오면역할정하면될듯?
2,E(2),의견,ㅁㅊ
2,E(2),의견,아니
2,E(2),의견,나
2,E(2),의견,우산두고 온듯? ㅠㅜㅜㅜ
2,E(2),의견,이모티콘
2,E(2),의견,친구가 챙겨준대
2,E(2),의견,웅..
2,E(2),의견,ㄷㄷㄷㄷㄷㄷㄷㄷㄷㄷ
2,E(2),의견,멀까…
2,E(2),의견,ㅇ ㅏ//..................................
2,E(2),의견,넵 .......................................
2,E(2),의견,근데 그 초록색 테이프는 따로 사야되는거지??
2,E(2),의견,오키ㅣㅇ
2,E(2),의견,이거 1개???
2,E(2),의견,.?.?.??
2,E(2),의견,그럼 4개 살까?
2,E(2),의견,흠 그래서 몇개…
2,E(2),의견,정해주세요 ㅜ
2,E(2),의견,2개 구매할게요?
2,E(2),의견,이모티콘
2,E(2),의견,오카이
2,E(2),의견,?? 최종본 만드는거 아니라고 아는데??
2,E(2),의견,뭐가 맞는거지
2,E(2),의견,7-80 퍼센트만
2,E(2),의견,만들고
2,E(2),의견,이번주에 완성하는 거 같은데
2,E(2),의견,흡..?
2,E(2),의견,우리 이번주에 안해도 됨??
2,E(2),의견,맞긴해
2,E(2),의견,ㄱㄱ
2,E(2),의견,난 노상관
2,E(2),의견,걍 계속하래
2,E(2),의견,근데 그걸 우리가 어케 만들징
2,E(2),의견,그리고 그 단상도 잇어야댐
2,E(2),의견,아니 애초에 사올데가 잇어 지금??
2,E(2),의견,* ㅇㄷ
2,E(2),의견,뭐야 저게.?
2,E(2),의견,다 끝남?????
2,E(2),의견,오키…
2,E(2),의견,근데 왜 상자야??
2,E(2),의견,흠. 일단 하고나서 내가 할거 남겨놓으삼
2,E(2),의견,네….
2,E(2),의견,큰걸로
2,E(2),의견,이거 박스
2,E(2),의견,단차 맞추고
2,E(2),의견,완전히
2,E(2),의견,비닐로 감싸면 되는거지?
2,E(2),의견,이모티콘
2,E(2),의견,흠.
2,E(2),의견,뭐 피피티 만들어야댐?
2,E(2),의견,어떻슴
2,E(2),의견,왓더…..
2,E(2),의견,배드민턴 치고 왓는데
2,E(2),의견,이게 무슨 날벼랃
2,E(2),의견,근데 마지막 발표도 영어로 해야됨??
2,E(2),의견,박물관 관계자도 잇늗게….
2,E(2),의견,준비안해도됨 우리??
2,E(2),의견,내일~
2,E(2),의견,.
2,E(2),의견,내일 아님???
2,E(2),의견,근데 이거 발표하는거
2,E(2),의견,"화이트 보드에 그냥 하는거임요,,"
2,E(2),의견,?
2,E(2),의견,피피티 준비 안해도 됨요?
2,E(2),의견,네..
2,E(2),의견,더채울게없는데……
2,E(2),의견,멀해야댐
2,E(2),의견,이모티콘
2,E(2),의견,오
2,E(2),의견,오킹
2,E(2),의견,이따 가서 써도됨???
2,E(2),의견,ㄴㄴ
2,E(2),의견,어디로 가야됨..?.?.?.??
2,E(2),의견,오카이~
2,E(2),의견,굿굿 ㅜㅜㅜㅜ
2,E(2),의견,너네도
2,E(2),의견,뭐 좀 먹으러 ㄱㄱ
2,E(2),의견,짜피 아무도 막을 수 없으셈
2,E(2),의견,미로 확인점….
2,E(2),의견,교수님이 뭐 안써주셨나 봐야할듯
2,E(2),의견,금요일에 나한테
2,E(2),의견,주문 오면 월욜 ㄷㄷ 아침에 와서 하라고 하심
2,E(2),의견,근데 우리 아침에 수업잇음
2,E(2),의견,그 대
2,E(2),의견,우리 오후에
2,E(2),의견,박물관으로오라고 하심요
2,E(2),의견,난 되긴해
2,E(2),의견,될까 안될까
2,E(2),의견,될 말 될 말
2,E(2),의견,걍 내일 모여버려~?
2,E(2),의견,네넵
2,E(2),의견,내일 실험 없는데?
2,E(2),의견,시험 주간이라 없지 않음?
2,E(2),의견,아이프로페서 만나러 가야됨
2,E(2),의견,"착각햇음 ,,"
2,E(2),의견,아니면
2,E(2),의견,저녁 먹고 와서 해도 되잖아
2,E(2),의견,ㅇㅈ
2,E(2),의견,?
2,E(2),의견,걍 오늘 저녁 먹고 와서 할까
2,E(2),의견,괜히 미루면 안될수도
2,E(2),의견,일찍 되는 사람들은 5시에 와서
2,E(2),의견,하고
2,E(2),의견,반절
2,E(2),의견,그니까
2,E(2),의견,저녁 이후
2,E(2),의견,팀
2,E(2),의견,이 잇는것
2,E(2),의견,.
2,E(2),의견,yup
2,E(2),의견,ㄱㅇㄲ머지…
2,E(2),의견,문 닫혀 있어서 다들
2,E(2),의견,해산햇대
2,E(2),의견,내일 ㄱㄱ 띠 하시져?
2,E(2),의견,몇 시
2,E(2),의견,?
2,E(2),의견,걍 되는 시간에 자유롭게 ㄱㄱ?
2,E(2),의견,그대신 러닝 저널
2,E(2),의견,찍어올리기 어떰요
2,E(2),의견,그리고 갔다고 카톡 ㄱㄱ
2,E(2),의견,걍 ㄱㄱㄱ
2,E(2),의견,네넵
2,E(2),의견,한 50개?
2,E(2),의견,만 교체하면 될것 가탇고 저번에 그러시지 않앗나
2,E(2),의견,나 이따 ㅂ
2,E(2),의견,ㅏㅂ
2,E(2),의견,먹고
2,E(2),의견,가서 하랄고
2,E(2),의견,Yup
2,E(2),의견,나 간다 지금
2,E(2),의견,!!
2,E(2),의견,근데
2,E(2),의견,*는 왓다 간거???
2,E(2),의견,흠……
2,E(2),의견,흠……..
2,E(2),의견,흠……………..
2,E(2),의견,또 안온 사람 잇음?
2,E(2),의견,흑. 흑.
2,E(2),의견,교수님께서
2,E(2),의견,빨리
2,E(2),의견,내용
2,E(2),의견,바꾸라고 하십니다
2,E(2),의견,그리고
2,E(2),의견,리본도 빨리 하라고 하십니다
2,E(2),의견,거. 의도착
2,E(2),의견,들어옹시오\
2,E(2),의견,오늘
2,E(2),의견,안 온 사람즐
2,E(2),의견,소감 남기시오.
2,E(2),의견,안그러면
2,E(2),의견,없애겠다ㅠㅠㅠㅠ‘ㅜㅜㅜ!ㅜ!ㅜㅜㅜㅜㅠ
2,E(2),의견,당신의 이름을!!!!!
2,E(2),의견,당장.
2,E(2),의견,10분 이내로
2,E(2),의견,톡.
2,E(2),의견,Plz
2,E(2),의견,이모티콘
2,E(2),의견,빨리 소감 남기시오!!
2,E(2),의견,10page/11page
2,E(2),의견,웅ㅇ
2,E(2),의견,안온 사람들
2,E(2),의견,이거 지금 할 수 잇으신분????
2,E(2),의견,안되면 안된다고 대답~해주세요^^
2,E(2),의견,나도;;
2,E(2),의견,아이프로페서인디
2,E(2),의견,제가 하엿음
2,E(2),의견,우리 담주 화에
2,E(2),의견,회식 ㄱㄱ하는거임??
2,E(2),의견,가면갈사람 좋아요
2,E(2),의견,ㄱ
2,E(2),의견,거.
2,E(2),의견,팀별 한명씩은
2,E(2),의견,작품 옆에 있어야된다니까
2,E(2),의견,뽑기할게여
2,E(2),의견,샵검색: #제비뽑기
2,E(2),의견,*업~~!!
2,E(2),의견,?수업이 없는데
2,E(2),의견,어케 발표가 잇지?
2,E(2),의견,??
2,E(2),의견,ㄷㄷ 어디서 확인해
2,E(2),의견,샵검색: #제비뽑기
2,E(2),의견,* 업~~!!
2,E(2),의견,리본 없음
2,E(2),의견,…
2,E(2),의견,쩝
2,E(2),의견,언니
2,E(2),의견,인칼 건물이면
2,E(2),의견,종이 가방좀 가져와주면 안됨??
2,E(2),의견,ㅜㅜ
2,E(2),의견,그리고 테이프랑
2,E(2),의견,걍 내일 ㄱㄱ하시죠
2,E(2),의견,이게머지?
2,E(2),의견,me.
2,E(2),의견,gmg
2,E(2),의견,No problem
2,E(2),의견,이모티콘
2,E(2),의견,ㄴㄷ gmg
2,E(2),의견,好👌
2,E(2),의견,나도 상관 옶긴한데
2,E(2),의견,..
2,E(2),의견,이모티콘
2,E(2),의견,결정!!
2,E(2),의견,아니 그래서 빨리 결정 ㅜㅜ
2,E(2),의견,이모티콘
2,E(2),의견,지금 다들 과제 끝나긴 하심?
2,E(2),의견,ㅃㄹ
2,E(2),의견,과제 다한사람
2,E(2),의견,체크표힐ㄹ
2,E(2),의견,못한사람 하트표시
2,E(2),의견,ㄱㅊ아언니
2,E(2),의견,나 일단 밥푸파하러 간다?
2,E(2),의견,조교쌤 불러서
2,E(2),의견,사달라고 하고싶다
2,E(2),의견,그럼나 무조건 참여할게
2,E(2),의견,근데 마통 ㅜㅜ
2,E(2),의견,이신데 어케
2,E(2),의견,사줌
2,E(2),의견,1130
2,E(2),의견,..
2,E(2),의견,1115
2,E(2),의견,11 15
2,E(2),의견,ㄱㄱ
2,E(2),의견,ㅇㄸ
2,E(2),의견,간 사람들 잇음?
2,E(2),의견,아 그래??
2,E(2),의견,4층으로
2,E(2),의견,옮겨야해
2,E(2),대답,넵
2,E(2),대답,웅
2,E(2),대답,네
2,E(2),대답,예
2,E(2),대답,네
2,E(2),대답,네
2,E(2),자료,사진
2,E(2),자료,사진
2,E(2),자료,https://miro.com/app/board/uXjVIfTQX7g=/
2,E(2),자료,https://docs.google.com/presentation/d/1N62wRyK5E7ol0T22sIhEfNub-iq2dRyBM9reagG9Vo0/edit#slide=id.p
2,E(2),자료,사진 3장
2,E(2),자료,사진
2,E(2),자료,사진
2,E(2),자료,사진
2,E(2),자료,사진
2,E(2),자료,사진
2,E(2),자료,사진
2,E(2),자료,사진
2,E(2),자료,피드백은 사진앵글
2,E(2),자료,사진
2,E(2),자료,사진
2,E(2),자료,사진
2,E(2),자료,흠 일단 모여서 사진이라도 찰칵 ㄱㄱ
2,E(2),자료,사진
2,E(2),자료,"일단 영정 사진에는 여러 개의 에코백 사진과, 그 에코백을 사용하는 사람의 모습을 함께 담았습니다."
2,E(2),자료,사진
2,E(2),자료,사진
2,E(2),자료,근데 교수님이 어디다 링크 올리심…??
2,E(2),자료,꽃 대 링크
2,E(2),자료,사진
2,E(2),자료,사진
2,E(2),자료,영정 사진 빨리
2,E(2),자료,https://docs.google.com/presentation/d/1X1FWPEUHPOPCglqrwy_yw6IJAwB-3LlijSgoCO-c3QM/edit?slide=id.p1#slide=id.p1
2,E(2),자료,독사진 보내보슈
2,E(2),자료,사진
2,E(2),자료,사진
2,E(2),자료,사진
2,E(2),잡담,ㅇㅎ
2,E(2),잡담,ㅇㅎ
2,E(2),잡담,뭐임 ㅋㅋㅋㅋㅋㅋ
2,E(2),잡담,ㅋㅋㅋㅋㅌㅋㅋㅋㅋㅋㅋㅋㅋㅋㅋㅋ
2,E(2),잡담,ㅇㅋ 한시간 정도면 끝나나
2,E(2),잡담,ㅋㅋ
2,E(2),잡담,ㅋ
2,E(2),잡담,ㅋㅋㅋㅌㅋㅋㅋㅋㅋㅋㅋㅋㅋㅋㅋㅋ
2,E(2),잡담,ㅋㅋㅋㅋㅋㅋㅋㅋㅋㅋㅋㅋㅋㅋㅋㅋㅋㅋㅋ
2,E(2),잡담,ㅇㅋ
2,E(2),잡담,그간 어떰 ㅎ
2,E(2),잡담,ㅇㅋ
2,E(2),잡담,ㅇㅋ
2,E(2),잡담,언제함 ㅋ
2,E(2),잡담,언니는 필참 ㄱ ㅋ
2,E(2),잡담,ㅇㅋ
2,E(2),잡담,ㅋㅋ맞긴해~~
2,E(2),잡담,ㅇㅋ
2,E(2),잡담,ㅋㅋㅋㅋㅋㅋㅋㅋㅋㅋㅋㅋㅋㅋㅋㅋㅋㅋㅋㅋㅋ
2,E(2),잡담,ㅇㅋ
2,E(2),잡담,ㅇㅋㅇㅋ
2,E(2),잡담,ㅎ
2,E(2),잡담,엉 ㅋㅋㅋㅋㅋㅋㅋㅋㅋ
2,E(2),잡담,ㅇㅋ
2,E(2),잡담,ㅇㅋ
2,E(2),잡담,ㅋㅋㅋㅋㅋㅋㅋㅋㅋㅋㅋㅋㅋㅋㅋㅋㅋㅋ
2,E(2),잡담,ㅋㅋㅋㅋㅋㅋㅋㅋㅋㅋㅋㅋㅋㅋㅋㅋㅋㅋㅋㅋㅋㅋ
2,E(2),잡담,ㅋㅋ
2,E(2),잡담,ㅋ
2,E(2),잡담,3층 ㅋㅋ
2,E(2),잡담,ㅇㅋ
2,E(2),잡담,저 끝남요 ㅋ
2,E(2),잡담,ㅋㅌㅌㅋㅋㅋㅋㅋㅋㅋㅋㅋㅋㅋㅇㅋ
2,E(2),잡담,ㅇㅋ
2,E(2),잡담,맞네 ㅋ
2,E(2),잡담,흠.일단 ㅇㅋ
2,E(2),잡담,ㅋ
2,E(2),잡담,송사리웨이 기다려라 ㅋ
2,E(2),잡담,ㅋㅋㅋㅋㅋㅋㅋㅋㅋㅋㅋㅋㅋㅋㅋㅋ
2,E(2),잡담,우리모는 누가 하지 ㅋ
2,E(2),잡담,아니다 ㅋ
2,E(2),잡담,근데 좀. 귀찮은거같기도하고 ㅋ
2,E(2),잡담,ㅋㅋ 나도 라프 과제 하는 중
2,E(2),잡담,누가 결정좀 ㅋ
2,E(2),잡담,ㅋㅋ
2,E(2),잡담,.. 까비긴해 ㅋ
2,E(2),잡담,내 마음은 뭘까 ㅋ
2,E(2),잡담,ㅋㅋㅋㅋㅋㅋㅋㅋㅋㅋㅋㅋㅋㅋㅋㅋㅋㅋ
2,E(2),잡담,ㅋ
2,E(2),잡담,ㅇㅋ
2,E(2),의견 및 일정조율,내일 3시 맞나요?
2,E(2),의견 및 일정조율,다들 시간 언제??
2,E(2),의견 및 일정조율,나는 10시 30
2,E(2),의견 및 일정조율,그럼 난 걍 10시 30이맞다
2,E(2),의견 및 일정조율,12-1시 신청햇으니까 ㄱㅊㄱㅊ
2,E(2),의견 및 일정조율,시간 내서
2,E(2),의견 및 일정조율,언제 함
2,E(2),의견 및 일정조율,근데 나 오늘 5시 안될듯
2,E(2),의견 및 일정조율,5시 팀이랑
2,E(2),의견 및 일정조율,오늘 4시
2,F(2),의견,2인당 하나
2,F(2),의견,?
2,F(2),의견,이거 하나씩만 하면 되는데
2,F(2),의견,이거
2,F(2),의견,lxp
2,F(2),의견,이거야
2,F(2),의견,뭐하지?
2,F(2),의견,disease 할게요
2,F(2),의견,여기 누가 하고 있는데
2,F(2),의견,7페이지랑 8페이지가
2,F(2),의견,연결된거야
2,F(2),의견,emotion 끝낫습니다
2,F(2),의견,4층입니다
2,F(2),의견,브라보
2,F(2),의견,교수님 피드백:
2,F(2),의견,그런거 같긴 한데
2,F(2),의견,멘탈리티가
2,F(2),의견,질문 없다
2,F(2),의견,situational constraints도
2,F(2),의견,하나 안하기로 하지 않았어?
2,F(2),의견,오케이욥
2,F(2),의견,아니면 마지막으로 보내고
2,F(2),의견,나중에 마지막에 다 끝나면 버릴까?
2,F(2),의견,혹시 모르니까
2,F(2),의견,뭔가 열심히 줄 그었는데
2,F(2),의견,너무 많이 꼬였어;;
2,F(2),의견,머리카락인줄
2,F(2),의견,아 ㄹㅇ?
2,F(2),의견,그거
2,F(2),의견,옆에 이거 점선 있잖아
2,F(2),의견,그거 복붙 한다음에
2,F(2),의견,클릭하면 줄 끝 조절 가능함
2,F(2),의견,그리고 줄 사이에 점들이 있는데 그걸로 모양 조절 함
2,F(2),의견,그거
2,F(2),의견,끝에 점 잡고 박스에 가져다 가면
2,F(2),의견,붙일 수 있어
2,F(2),의견,인과관계?
2,F(2),의견,그런거
2,F(2),의견,예를 들어서 과식 => 살찜 => 움직이기 힘듬 => 운동 부족 => 과식
2,F(2),의견,이런 식으로
2,F(2),의견,인과관계나 왜 엮이는지에 대한 설명
2,F(2),의견,이모티콘
2,F(2),의견,와
2,F(2),의견,간절함이느껴진다
2,F(2),의견,그러죠
2,F(2),의견,?
2,F(2),의견,...?
2,F(2),의견,ㄷㄷ
2,F(2),의견,교수님 피드백: 시나리오 짤 때 한번 보세요
2,F(2),의견,정리: levarage point는 misinformation이고 팀원 다같이 머리 맞대고 이 misinformation 문제를 해결해 보자!
2,F(2),의견,가지고 왔어욥
2,F(2),의견,근데 한벌 밖에 없긴 해요
2,F(2),의견,?
2,F(2),의견,??
2,F(2),의견,????????????????????????????
2,F(2),의견,한 일주일 자체 휴강해야겠다
2,F(2),의견,오늘 경영관 7층이에욥
2,F(2),의견,이미 늦은거 내일 해야겠다....
2,F(2),의견,"좋습니다. 요청하신 대로, 먼저 **요약**하고, 그다음 **한국어 번역**을 해드릴게요."
2,F(2),의견,키우는 만큼 제제되는 곳이 존재하고 커지는 만큼 작아지는 곳이 존재한다. 마치 평형유지(equilibrium)
2,F(2),의견,F45
2,F(2),의견,뭘 정해야 인원을 정하지...
2,F(2),의견,뭔가 만들라는 거 같은데
2,F(2),의견,근데 이제 구상은 다 해 가야지
2,F(2),의견,확인이요
2,F(2),의견,ㅖ
2,F(2),의견,저기 여러분 이거 프로토타입 정해야 하는데요
2,F(2),의견,다른거 하기 힘들 거 같아서
2,F(2),의견,이걸로 할까욥?>
2,F(2),의견,사실 이런 거도 재미있을 거같은데
2,F(2),의견,솔직히 하기 힘들어서
2,F(2),의견,근데
2,F(2),의견,저런 종류의 예술 작품 찾기 너무 어려운디요
2,F(2),의견,일단 gpt 돌리고 있어욥
2,F(2),의견,이거 넥스트 스텝만 먼저 스고 넘길까요?
2,F(2),의견,다 함요
2,F(2),의견,바꾸고 싶으면 바꾸세욥
2,F(2),의견,괜찮을 거 같은데...
2,F(2),대답,ㅔ?
2,F(2),의견,이런 느낌
2,F(2),잡담,ㄷㄷ
2,F(2),의견,저도 집입니다...
2,F(2),의견,그냥 이거대로 하는게 좋을 거 같은디
2,F(2),의견,저번에 가서 예기 했던게 이거여서
2,F(2),의견,제가 할까요?
2,F(2),의견,가르친것도 없는데
2,F(2),의견,3층 나 혼잔뎁
2,F(2),의견,승아리 없음욥
2,F(2),의견,어떰요
2,F(2),의견,뒤에 130개 놔두고 앞에 하나 그리고 그 사이에 사람들이 쓰고 있는 모습 이렇게 했는데
2,F(2),의견,전 오늘 힘들 수도 있는데....
2,F(2),의견,수업 끝나기 전에 최대한 많이 하고 가겠습니다...
2,F(2),의견,A4로 할까 A3로 할까
2,F(2),의견,액자 크기
2,F(2),의견,지금 프린트 함
2,F(2),의견,일단 5시에 먼저 가서 확인해보고
2,F(2),의견,박물관으로 가는중임다
2,F(2),의견,박물관이 저번에 갔던 곳이 맞을까요...?
2,F(2),의견,교수님이 안에 갇히셨나봐요...
2,F(2),의견,음
2,F(2),의견,그럼 우리도 해산?
2,F(2),의견,우리도 해산
2,F(2),의견,넹
2,F(2),의견,교수님이 인당 5개 정도만 고치고 가면 된다고 하심요
2,F(2),의견,오면 어캐 하는지 알려드림
2,F(2),의견,저 힘들것 같습니다..... 병원 가야할 거 같아서...
2,F(2),대답,ㅇㅇ
2,F(2),대답,ㅇㅇ
2,F(2),대답,넵
2,F(2),대답,ㅇㅇ
2,F(2),대답,ㅇㅇ
2,F(2),대답,ㅇㅇ
2,F(2),대답,ㅇㅇ
2,F(2),자료,사진
2,F(2),자료,이거 미로 보면 ai러 사진뽑아서 예상 그림 만든거 있는데 확인해줄 수 있어?
2,F(2),자료,DIY Flowers Making With Plastic Carry Bags || waste plastic Bags Flowers... - https://youtube.com/watch?v=Si0_4CUexHk&si=DEyiyAdHoBG8y-l7
2,F(2),자료,사진
2,F(2),자료,사진
2,F(2),자료,동영상
2,F(2),잡담,아 ㅇㅋ
2,F(2),잡담,ㅋㅋㅋㅋㅋㅋ
2,F(2),의견 및 일정조율,9시부터 10시 30분
2,F(2),의견 및 일정조율,저 10시 부터 11시라는디요
2,F(2),의견 및 일정조율,9시30분 부터 11시 수업이네
2,F(2),의견 및 일정조율,11시 까진가
2,F(2),의견 및 일정조율,12시 1신가?
2,F(2),의견 및 일정조율,인류학 9시
2,F(2),의견 및 일정조율,5시 30분 이후 힘든데....
2,F(2),의견 및 일정조율,5시 팀이랑 하다 가면 되는 건가
2,G(2),의견,"제가 느끼기에도 솔직히 좀 설명히 부실(?) 한 것 같고 쓰는 내용도 애매모호한 것 같긴하더라고요ㅠㅠ structural, attitudinal, transactional 그냥 각각 구조적, 감정적, 소통 쪽으로 대충 맞춰서 쓰긴 했는데"
2,G(2),의견,왼쪽 칸이랑 오른쪽 칸이랑 인과관계가 맞아야 하는 것 같은데
2,G(2),의견,솔직히 그것도 잘 모르겠어서….
2,G(2),의견,아 그럼 더 어렵긴 할 것 같다ㅜ
2,G(2),의견,살짝 감정적 부분에는
2,G(2),의견,causes에는 신체적으로 힘드니까
2,G(2),의견,Effect 로 뭐 환자를 위한 행동이 아닌 개인주의적 행동을 하게되었다??
2,G(2),의견,쓰면 되지 않을까요
2,G(2),의견,사실 저도 영화를 다 안 봐서 내용을 잘 몰라서.. 근데 아마 이런 맥락 이었던 것 같기도..
2,G(2),의견,글고 위해 family is alive 를 transactional 에 넣어도 될 듯??
2,G(2),의견,류호경 교수님이 카톡말고 slack에서 소통하는거 전해달라고 하시네요… 앞으로 최대한 슬랙 활용해야 할 것 같아여
2,G(2),의견,mentality도 끝났습니다
2,G(2),의견,저희 몇층이에요?
2,G(2),의견,Here are four research questions for each theme in the slides:
2,G(2),의견,dk
2,G(2),의견,아
2,G(2),의견,완료했습니다!
2,G(2),의견,이거 제출 어떻게 하는지 아시는 분 있나요?
2,G(2),의견,따로 제출해야 하는 곳은 없고 그냥 놔두래!
2,G(2),의견,저희 다른 조 영상 하나만 봐도 되는건가요?
2,G(2),의견,peer review 들어가보니 best group 쓰는 칸
2,G(2),의견,하나밖에 없던데
2,G(2),의견,그렇겠지…
2,G(2),잡담,아
2,G(2),대답,오키
2,G(2),의견,아니 자리가 있어!
2,G(2),의견,이거 이름 채워넣어야 할 듯!
2,G(2),의견,가장 오른쪽
2,G(2),의견,한명만 해도 되는거야?
2,G(2),의견,어어
2,G(2),의견,삭제된 메시지입니다.
2,G(2),의견,그거 내가 미로에 올렸는데 안 들어가있어?
2,G(2),의견,지금 제출하는게 system map 맞지?
2,G(2),의견,헉…. 글쿤 ㅜㅜㅜ
2,G(2),의견,오키
2,G(2),의견,괜찮은데??
2,G(2),의견,수고했어!!
2,G(2),의견,이거 언제까지인지
2,G(2),의견,아는 사람?
2,G(2),의견,아아 오키
2,G(2),의견,이게 individual work 인가
2,G(2),대답,네넹
2,G(2),의견,저는 안햇어요
2,G(2),잡담,ㅜㅜㅜㅜㅜ
2,G(2),잡담,엥…..
2,G(2),대답,그런가ㅠㅠ
2,G(2),의견,오늘까지야!
2,G(2),잡담,하ㅏ
2,G(2),의견,근데 그 볼드채민
2,G(2),의견,볼드체만
2,G(2),의견,점수라는 얘기가있던데
2,G(2),의견,아마???
2,G(2),의견,내 주변도
2,G(2),의견,이미 제출해버렸는데걸…
2,G(2),의견,이거 individual work 따로 제출해야하는 곳 없고 그냥 미로 보드에 채우면 되는거 맞지?
2,G(2),의견,오키
2,G(2),의견,너희가 카페 맞지?
2,G(2),의견,이게 뭐였는지 모르겠는데 이 과제 어딨는건지 아시는 분 있나요?
2,G(2),의견,28일까지 였다는데...ㅜㅜ
2,G(2),의견,미로에 어느 부분이죠...?ㅠㅠ
2,G(2),의견,위에 그림이요…?..ㅠㅠ
2,G(2),의견,오늘까지 제출해야하는 거 혹시 뭐 있나요...?
2,G(2),의견,오늘까지 제출해야하는 건 없는 거 맞지??
2,G(2),의견,저도 1시에 수업 끝나긴 하는데 병원 가야 해서..
2,G(2),의견,헉……? ㅜㅜㅜ
2,G(2),의견,아예 새로 만들라고....?
2,G(2),의견,다들 집 가지 않았나…ㅠㅠㅠ
2,G(2),의견,전날 이렇게 알려주시면…어떻게 하라는 거지…
2,G(2),의견,저도 이미 집에 와서 ㅠㅠ
2,G(2),의견,나 밖이라12시에나 할 수 있을 것 같은데 내가 해야할 부분 주면 집 가서 할게 ㅠㅠㅠ
2,G(2),의견,집 가면 바로 확인할게…
2,G(2),의견,네넵
2,G(2),의견,Technique 내용 추가했습니다
2,G(2),의견,몇층이야?
2,G(2),의견,나도 지금 2정거장 남음
2,G(2),잡담,ㅠ
2,G(2),의견,우리 법학 3층에서 만나는 거?
2,G(2),의견,3층인데
2,G(2),의견,닫혀있어….
2,G(2),의견,문 열라고 했더니
2,G(2),의견,침입이 발생하였습니다 거리는데…??
2,G(2),의견,오키…………
2,G(2),의견,근데 다 닫혀 있는 듯?
2,G(2),의견,3층 라운지에서 할까?
2,G(2),의견,아 다목적실에서 하자
2,G(2),의견,맞나?
2,G(2),의견,음..
2,G(2),의견,액자를 사야 하려나…?
2,G(2),대답,아 오키오키
2,G(2),의견,나도 같은 조라… 얼른 끝나면 갈게
2,G(2),의견,@a 오늘 몇시에 할거야?
2,G(2),의견,영어 발표야?
2,G(2),의견,저희 그룹 슬랙에 올렸습니다
2,G(2),의견,오키ㅣ
2,G(2),의견,지금 가도 되는 거?
2,G(2),의견,아직 수업 안 끝났어요…
2,G(2),의견,저는 라프 촬영 잠깐만 하고 얼른 갈게요...
2,G(2),의견,나도… 이동 중 ㅠㅠㅠ
2,G(2),의견,저도 아직은 잘 모르겠어요…ㅠㅜㅠ
2,G(2),대답,엉….ㅠㅜㅜㅠㅜ
2,G(2),의견,지방에서 올라오는 친구 오랜만에 만나기로한 약속이라 취소를 못하겠어 ㅠㅠㅠㅜ
2,G(2),의견,내일 학교 몇시에 가는 걸로 할까요?
2,G(2),의견,나도 가느ㄴ 중
2,G(2),의견,나 지금 한양대 역!
2,G(2),대답,넵
2,G(2),대답,네
2,G(2),대답,넵
2,G(2),자료,사진
2,G(2),자료,사진
2,G(2),자료,사진
2,G(2),자료,사진
2,G(2),자료,오늘 해야 할게 영정사진 액자 만들기....?
2,G(2),자료,파일: STDT Museum Installation.pptx
2,G(2),자료,파일: STDT Museum Installation.key
2,G(2),자료,사진
2,G(2),자료,우리 작품 사진 한번 찍어서 보내줘ㅓ!
2,G(2),자료,파일: Group 3- STDT Museum Installation.pdf
2,G(2),자료,사진
2,G(2),잡담,처음에 하다가 너무 많아서 3번째부터 그만함요...ㅋㅎㅋㅎㅋㅎ
2,G(2),잡담,ㅋㅋㅋㅋㅋㅋㅋ
2,G(2),잡담,ㅋㅋㅋㅎㅋㅎㅋㅎ
2,G(2),잡담,ㅋㅋㅋㅋㅋㅋ
2,G(2),잡담,혹시 stdt 인터뷰 도아랑 내가 청소부인데 1시간 동안 인터뷰에 응해주실 청소부를 찾기가 어려운 것 같아서 혹시 텀블러 유저로 바꿔도 괜찮을까? 너무 에코백이랑 겹쳐서 별로인가? 다들 의견 좀...ㅎㅎㅎ
2,G(2),잡담,우린 카페 사장도 좋아 ㅎㅎㅎ
2,G(2),잡담,저희도 좋아여 ㅋㅎㅋㅎㅋㅋㅋ
2,G(2),잡담,ㅋㅋㅋㅋㅋㅋㅋ
2,G(2),잡담,ㅋㅋㅋㅋㅋㅋ
2,G(2),잡담,다행히 꺼졌어 침입이 발생하였습니다는 ㅋㅋㅋㅋㅋㅋㅋ
2,G(2),잡담,ㅇㅋㅇㅋ
2,G(2),잡담,빠지는 사람 두명 밖에 없는 것 같은데 괜찮지 않나??ㅋㅎㅋㅎㅋㅎ
2,G(2),의견 및 일정조율,난 2시 좀 넘어서 갈 듯..!
2,G(2),의견 및 일정조율,10-12시 사이에만 가서 정리하면 되는 것 같은데…
2,H(2),의견,저도 좋아요
2,H(2),의견,혹시 실험복 가져올 수 있는 사람 있나?
2,H(2),의견,두개만 있으면 될거 같은데
2,H(2),의견,우리 이거 어떻게 제출하는지 알아?
2,H(2),의견,미로보드에 올려야돼서...
2,H(2),의견,출석은 안함
2,H(2),의견,ㄴㄴ 조별로
2,H(2),의견,이거 어디 있어?
2,H(2),의견,그 구글 폼 오늘까지 제출
2,H(2),의견,미안;;
2,H(2),의견 및 일정조율,10시반쯤에 갈거 같은디
2,H(2),의견,딱맞게 출발해서...
2,H(2),의견,최댜한 빨리 갈게
2,H(2),의견,A visual timeline of legislation and its effects on air quality or urban planning
2,H(2),의견,여기 있음
2,H(2),의견,이거 순서대로 써야 하는거지?
2,H(2),의견,대충 어떻게 만들건지
2,H(2),의견,그리는거 아니야?
2,H(2),의견,*아 이거 전체 선택 내려줄 수 있어? 나 글이 안써지는데
2,H(2),의견,만들기 쉬워보여서 저게 괜찮을듯
2,H(2),의견,나도 내일 2시부터 가능
2,H(2),의견,다른 조 보니까 시제품은 그냥 종이로 만들었던데
2,H(2),의견,저도 집이요
2,H(2),의견,지금 들어옴
2,H(2),의견,어디 쓰면 됨?
2,H(2),의견,저도요
2,H(2),의견,4층
2,H(2),의견,지금 하고 있는건 없긴 한데
2,H(2),의견,오늘 컨펌만 받을거야?
2,H(2),의견,아
2,H(2),의견,나도 늦을거 같음
2,H(2),의견,저도 죄송...
2,H(2),의견,나 철사 사서 가는중인데
2,H(2),의견,어디로 가면돼?
2,H(2),의견,내일 하거나 안되면 토요일에 와서 해야될듯
2,H(2),의견,철사 더 사야돼서 다이소 들렀다 갈게
2,H(2),의견,오 잘했다
2,H(2),의견,월화에 뭐 해야되는거?
2,H(2),의견,난 가능
2,H(2),의견,저도 끝났는데
2,H(2),의견,조에서 뭐 정하고 바로 갈게요
2,H(2),의견,와우
2,H(2),의견,슬랙 보니까 2층인듯
2,H(2),의견,우리조 다 어디 있읍
2,H(2),의견,지금 뭐하는건지 모르겠어
2,H(2),의견,아이고
2,H(2),의견,오케이
2,H(2),의견,아 그러네
2,H(2),의견,나도 내일일걸..?
2,H(2),의견,바뀐거 아니면 내일 맞는데
2,H(2),의견,5시에 끝나고?
2,H(2),의견,난 상관 없어
2,H(2),의견,어쩔수 없지
2,H(2),의견,실험 끝나고 못가지 않아?
2,H(2),의견,나도 밖이라 못함...
2,H(2),의견,ㄷㄷ 개무섭네
2,H(2),의견,나도 내일 가능인데
2,H(2),의견,종강하고 나서도 ㄱㅊ
2,H(2),의견,가면 가
2,H(2),의견,그럼 나도 바로 가긴 해
2,H(2),의견,오 좋다
2,H(2),대답,넵
2,H(2),대답,예
2,H(2),자료,동영상
2,H(2),잡담,ㅋㅋㅋㅋㅋㅋㅋㅋㅋㅋㅋ
2,H(2),잡담,ㅇㅋㅇㅋ
2,H(2),잡담,ㅇㅋㅇㅋ
2,H(2),잡담,ㅇㅋ
2,H(2),잡담,ㅇㅋㅇㅋ
2,H(2),잡담,ㅇㅋㅇㅋ
2,H(2),잡담,뭐야 그러네 ㅋㅋ
2,H(2),잡담,일단 ㅇㅋㅇㅋ
2,H(2),잡담,ㅇㅋㅇㅋ
2,H(2),잡담,ㅋㅋㅋㅋㅋㅌㅋㅋ
2,H(2),잡담,ㅇㅋㅇㅋ
2,H(2),잡담,ㅋㅋㅋㅋㅋㅋㅋㅋㅋㅋㅋ
2,H(2),의견 및 일정조율,오늘도 10시 반인줄 알고 있었음...
2,H(2),의견 및 일정조율,11시 반으로 확정?
3,A(3),의견 및 일정조율,라프때 진행해보려고 하는데 어떠신가요?
3,A(3),자료,슬랙으로 평가된다고 하니깐 슬랙 확인 잘 해주세요
3,A(3),자료,주기율표 맵 슬라이드: 주기적 경향성을 화살표 등으로 시각화하여 표현. 설명 슬라이드: 주제에 대한 정의와 경향성에 대한 이유를 간단히 설명. 비교 슬라이드: 경향성을 따르는 3개 원소를 시각적으로 비교 (최소 3개 제작). 퀴즈 슬라이드: 다른 학생들이 풀 수 있는 퀴즈 2문제 출제. 팀/역할 소개 슬라이드: 팀원의 이름과 각자 맡은 역할 및 업무를 기재.
3,A(3),자료,이 슬라이드들이 포함되어야 된다고 하는데
3,A(3),의견 및 일정조율,맡고싶은거 있으신가요?
3,A(3),대답,좋아요
3,A(3),의견 및 일정조율,그럼 결과대로 각자 슬랙에서
3,A(3),의견 및 일정조율,이 역할을 맡겠다고 써주시면 될것같습니다
3,A(3),의견 및 일정조율,어떤 슬라이드에 2명 배정할까여?
3,A(3),대답,조항여
3,A(3),자료,샵검색: #사다리
3,A(3),의견,팀/역할 소개 맡으신 분이 검토도 해주시면 좋을것같아요
3,A(3),자료,https://docs.google.com/presentation/d/1If3Msb5ZNyBA6Y1XwuONDi-IsVGrMCQ_JyjIYr4o7E0/edit?usp=sharing
3,A(3),잡담,그
3,A(3),자료,포스터도 만들어야 해요
3,A(3),자료,사진
3,A(3),잡담,ㅇㅇ
3,A(3),의견 및 일정조율,저희 오늘까지 보고서 내야해서요 수업 끝나고 열심히 해봅시다
3,A(3),잡담,열심히 하는것처럼 보이게 슬랙에 채팅 많이 쳐주세요
3,A(3),자료,오늘 해야 하는 게 1. 실생활 문제 하나 정하기 2. 문제의 중요성 설명하기 3. 원하는 소재의 특성 정하기 4. 아이디어와 화학 연결하기 5. 모아서 짧은 글로 그룹당 하나 제출
3,A(3),의견 및 일정조율,이거든요 1번부터 해볼건데 슬랙에 스레드로 답글 많이 달아주세여
3,A(3),자료,"문제 아이디어 20가지 바다의 미세플라스틱 오염 – 기존 플라스틱은 잘 분해되지 않음. 깨끗한 식수 부족 – 재난 지역이나 개발도상국에서 휴대용 정수재료 필요. 화재 취약 건축 자재 – 불에 잘 타고 유독가스를 내뿜는 단열재 문제. 고온 환경에서도 안정적인 배터리 소재 부족 – 전기차/에너지 저장 문제. 전자제품 발열 문제 – 열을 잘 분산시키는 신소재 필요. 의료용 봉합재 – 체내에서 저절로 녹고 감염을 막는 재료 부족. 바닷물에서 염분 제거(탈염) – 효율적인 막 소재 부족. 투명 태양전지 – 건물 창문에 적용 가능한 효율적 태양광 발전 소재 필요. 재활용 어려운 음식 포장재 – 1회용 플라스틱 문제. 의족·의수용 소재 – 가볍고 튼튼하면서도 피부 친화적인 재료 부족. 극한 환경용 방수/방습 코팅 – 전자제품, 의류, 우주복 등. 스마트 의류 – 땀이나 체온을 감지하면서 가볍고 세탁 가능한 섬유. 지진이나 태풍에 강한 건축 소재 – 유연하면서도 강한 구조 ..."
3,A(3),의견 및 일정조율,지금 슬랙에서 하고있으니깐 늦게라도 11시 전으로 의견 스레드로라도 올려주세요
3,A(3),의견,"For our real-life problem, I suggest focusing on medical sutures. Specifically, the lack of materials that can both dissolve naturally inside the body and prevent infection. This seems like a meaningful issue with direct impact on healthcare."
3,A(3),잡담,이 주제에 대해서
3,A(3),의견,필요한 소재 특성' 에 대한 내용이 아직 부족하거든요
3,A(3),의견,좀 더 올려 주세요 제가 제시한건 생분해성과 향균성 입니다
3,A(3),의견 및 일정조율,50분에 4.아이디어와 화학 연결 로 넘어갈게요
3,A(3),의견 및 일정조율,슬랙에 적어주세요 카피킬러 돌려야 하니 최대한 빨리 완성하면 좋을것같아요
3,A(3),잡담,아하..
3,A(3),의견 및 일정조율,오늘 해야겠네요
3,A(3),대답,네
3,A(3),의견 및 일정조율,3~4시는 어떨까요 다행히도 오늘은 그리 많은것같지 않아서요
3,A(3),대답,그럽시다
3,A(3),의견,오 저작권 있는 사진인가여
3,A(3),의견,향균 작용 시각화하는 이미지도 넣을까요?
3,A(3),대답,넵
3,A(3),잡담,다행이네여
3,A(3),의견,피뎁으로 내는거 맞겠죠
3,A(3),대답,네
3,A(3),잡담,앗
3,A(3),의견,할게요
3,A(3),대답,넵
3,A(3),의견,올렸어요
3,A(3),의견 및 일정조율,오늘이거해야해요 ㅠㅠ
3,A(3),의견 및 일정조율,지금 할래요?
3,A(3),의견,할게 엄청 많아서요
3,A(3),자료,https://www.canva.com/design/DAG1unJJ5N0/iMG8F_Fl7sRBQL9E5nSrug/edit?utm_content=DAG1unJJ5N0&utm_campaign=designshare&utm_medium=link2&utm_source=sharebutton
3,A(3),대답,지금 보고있어요 그래서
3,A(3),잡담,생각보다 빨리 끝날수도 있고요
3,A(3),의견,영상은 6명 전부 나와야 할 것 같아요
3,A(3),자료,3분 피치 영상을 찍으래요 리플렉션도 여기에 들어가는것 같은데요?
3,A(3),대답,네 달라여
3,A(3),자료,https://miro.com/app/board/uXjVJGdipkg=/
3,A(3),의견,여기 다른 조 보고
3,A(3),의견,참고해서 합시다
3,A(3),잡담,슬랙에 말 많이 해주세여 점수 올라가니깐
3,A(3),의견,제가1번할게요
3,A(3),의견 및 일정조율,역할배정은 어떻게 할까요?
3,A(3),의견,사다리?
3,A(3),자료,샵검색: #사다리타기
3,A(3),의견 및 일정조율,그럼 각자 역할 슬랙에 적는거 어떨까여
3,A(3),의견,저희 AX2이 구조 하는거 맞져?
3,A(3),자료,사진 2장
3,A(3),의견,이대로하는거 어때요
3,A(3),잡담,근데 Dance floor analogy가 진짜
3,A(3),의견,춤 맞는걸까요
3,A(3),잡담,ㅇㅎ
3,A(3),의견,음 발음 좋으신분?
3,A(3),의견,아니면 아까 역할 1번
3,A(3),의견,걸리신분이 하는거어때요
3,A(3),의견 및 일정조율,영상4 편집1 대본1
3,A(3),의견,이렇게 나누는건 어때요?
3,A(3),의견,아 그럼 다 나오는게 좋은거죠
3,A(3),의견,포스터 다시 만들어야겠네요
3,A(3),자료,Ai 사용이 많다고
3,A(3),의견,다 조금씩 고쳐야해요
3,A(3),의견,근데 확인은 어쩔수가 없을거에요
3,A(3),자료,유사도도 낮게 나오고 카피킬러도 안걸리는데
3,A(3),자료,혜진이 따로 돌린거에서 걸린거라
3,A(3),의견 및 일정조율,영상 언제 완성될까용
3,A(3),의견,유튜브 업로드 안된거죠 아직?
3,A(3),의견,할게요
3,A(3),의견,3분 50초 괜찮을까요?
3,A(3),자료,다른 조 보니 모두 3분 10초 이내여서
3,A(3),의견,짧으면 좋을것같아요
3,A(3),대답,네
3,A(3),의견,교수님한테 답장왔어요?
3,A(3),자료,파일: Academic Research Poster in Cream Pink and Yellow Lined Graphic Style (4) (1).pdf
3,A(3),자료,수정된 걸로 유사성 보고서 다시 해봤는데 4프로 나왔어요
3,A(3),의견,미로보드 캡쳐를 lxp에 어떻게 올려야 할까요
3,A(3),의견,그냥 사진으로?
3,A(3),의견,지금 포스터 pdf + 미로보드 포스터 스크린샷 + 그룹 리플렉션
3,A(3),의견,#NAME?
3,A(3),의견,이렇게 제출하려고 하는데 빼먹은거 있나요?
3,A(3),의견,끝?
3,A(3),의견,됐음요
3,A(3),의견,Ai 안걸리게 수정한 걸로 업로드됐는지
3,B(3),대답,좋습니다
3,B(3),잡담,저희
3,B(3),자료,포스터도 만들어야 됩니다..
3,B(3),대답,네
3,B(3),자료,https://www.canva.com/design/DAGzs-mJa1Q/HEi-xMfKmCow67gHdsW2wA/edit?utm_content=DAGzs-mJa1Q&utm_campaign=designshare&utm_medium=link2&utm_source=sharebutton
3,B(3),자료,여기서 만드시면 됩니다
3,B(3),의견 및 일정조율,다 만들어서 확인해보시고 이상 없으면 10시에 제출하겠습니다
3,B(3),의견,그럴거 같긴한데 혹시 모르니까 다른분들도 제출하면 좋을거같아요
3,B(3),의견,제출했습니다
3,B(3),자료,https://docs.google.com/presentation/d/1l-xtMDjixBQNjySN7uQrj5P_-P1uaNdrEAg-qRSUBWY/edit?usp=sharing
3,B(3),잡담,이거
3,B(3),의견 및 일정조율,각자 제출인가요
3,B(3),대답,넵
3,B(3),의견,비교 슬라이드가 할거 많아서 2명 배정하는게 나을거 같습니다
3,B(3),대답,넵
3,B(3),대답,저도 좋습니다
3,B(3),의견 및 일정조율,저희 영상 언제찍을까요
3,B(3),대답,좋습니다
3,B(3),자료,https://docs.google.com/presentation/d/1WbLThV0GCqjMB0aYDBC0E9PBDrjSiK9mUmT6KWtXT5A/edit?usp=sharing
3,B(3),자료,슬라이드 여기서 만드시면 됩니다
3,B(3),대답,가시죠
3,B(3),대답,좋습니다
3,B(3),자료,"🎤 [Opening – 0:00 to 0:30] Hello everyone. Today, I’m excited to present our research poster titled “Bond, Heal, Vanish: The Chemistry of Bio-Fusion Adhesive.” This project explores an innovative approach to post-surgical wound closure using a specially engineered biodegradable adhesive that not only bonds tissues securely but also safely degrades over time—eliminating the need for removal. 🎤 [Problem & Motivation – 0:30 to 1:00] Let’s begin with the problem. In post-surgical care, securely..."
3,B(3),자료,저희 영상 대본입니다
3,B(3),의견,제가 3번째 파트 하겠습니다
3,B(3),자료,"🎤 [Opening – 0:00 to 0:30] Hello everyone. Today, I’m pleased to present our research poster titled “Bond, Heal, Vanish: The Chemistry of Bio-Fusion Adhesive.” This project focuses on developing a smart, biodegradable surgical adhesive that not only bonds tissues effectively but also vanishes naturally—removing the need for painful removal procedures and simplifying recovery. 🎤 [Problem & Motivation – 0:30 to 1:00] In post-surgical care, securely closing wounds is critical. But traditional ..."
3,B(3),자료,대본에 내용 추가했습니다
3,B(3),의견,이거로 해주세요
3,B(3),자료,https://us05web.zoom.us/j/87443891579?pwd=jk33CNe7taVjvScx4MJTp1BIp5KmqJ.1
3,B(3),자료,동영상
3,B(3),자료,1~3번입니다
3,B(3),의견,이거도 제출해야되서 올려주세요
3,C(3),대답,좋습니다
3,C(3),의견,사다리 타기 어떠신가여
3,C(3),의견,일단 전 다 쓴 것 같습니다
3,C(3),의견,더 해야 할 거 있음 알려주십쇼
3,C(3),잡담,아하..
3,C(3),의견 및 일정조율,이거 한명만 제출하면 되는건가요?
3,C(3),잡담,수고하셨습니다
3,C(3),대답,저도 괜찮습니다
3,C(3),의견,혹시 제출 하셨나여
3,C(3),잡담,이거 마지막에
3,C(3),자료,우리 슬랙 토론한거
3,C(3),의견,캡쳐해서 추가해야 할듯한데
3,C(3),의견,미로에는제가 올렸습니다
3,C(3),의견 및 일정조율,저 내일 그시간엔 안될 수도 있을것 같아서
3,C(3),의견 및 일정조율,혹시 오늘 가능하실까요
3,C(3),대답,가능합니다
3,C(3),자료,샵검색: #사다리게임
3,C(3),자료,댄스플로어 비유 예: “3명의 친구가 삼각형을 만들어 춤춘다 (Trigonal Planar)”
3,C(3),자료,🎭 2. Dance Floor 비유 (댄스플로어 비유) 이 과제의 핵심은 “VSEPR을 파티처럼 설명하기”입니다! 💃🕺 Linear (AX₂) 비유 예시: 두 명의 친구가 좁은 복도에서 왈츠를 추고 있어요. 서로 마주 보며 완벽하게 균형 잡힌 거리(180°)를 유지해요. 이게 바로 직선형 분자예요 — 아무도 새치기하거나 공간을 차지하지 않죠! 포인트: Bonding pairs = 춤추는 두 사람 Lone pairs = 없음 Central atom = 복도 중앙에 서 있는 중심 인물
3,C(3),대답,최대한 빨리 해보겠습니다
3,C(3),자료,동영상
3,C(3),자료,동영상
3,C(3),의견,이거 미로보드에 올리면 되나요?
3,C(3),대답,그건 제가 했습니다
3,C(3),자료,동영상
3,C(3),자료,동영상
3,C(3),의견,3분안쪽으로 편집한 건데 이렇게 올릴까요?
3,C(3),자료,이가 lxp에 다른거 제출 취소돼버렸는데
3,C(3),의견,누가 좀 올려주세요ㅜ
3,C(3),의견,작성했습니다
3,C(3),의견,지금 바로 할 수 있는데
3,C(3),의견,몇분으로 할까요
3,C(3),잡담,ㅁㅝ야 했네
3,D(3),대답,옙
3,D(3),대답,넵
3,D(3),잡담,수고하셨습니다!
3,D(3),의견,팀 역할 소개까지 다 적었는데 ppt 이대로 제출하면 될까요?
3,D(3),의견,ppt내용을 바탕으로 포스터를 만들어야하는건가요..?
3,D(3),대답,옙 알겠습니다!
3,D(3),잡담,이모티콘
3,D(3),의견 및 일정조율,언제 시작할까요?
3,D(3),대답,전 괜찮습니다
3,D(3),잡담,빨리 하고 빨리 끝내시져
3,D(3),대답,옙
3,D(3),의견,오늘 과제 적는 문서 만들어주실 수 있을까요....?
3,D(3),잡담,감사합니당
3,D(3),자료,사진
3,D(3),의견,다이어그램 또는 3D 모델에
3,D(3),의견,"이정도면 될까요 아님 더 자세한 설명이 필요할까요,...?"
3,D(3),의견,아니면 저 사진 첨부하고 줄글로 설명 자세히 적을까요?
3,D(3),대답,아뇨
3,D(3),자료,ai한테 설명 자세히 하고
3,D(3),자료,자체 생성시켯습니당
3,D(3),의견,"일단 이 사진은 그대로 보고서에다가 넣으면 될까요..,.?"
3,D(3),대답,옙 알겟습니다
3,D(3),의견,제출 부탁드립니다!
3,D(3),잡담,수고하셧슴당ㅇ
3,D(3),잡담,이모티콘
3,D(3),대답,좋습니다
3,D(3),대답,좋아요
3,D(3),의견,저희팀원 다 영상에 참여할 필욘 없는거죠?
3,D(3),의견,그러면 각자 만드신 ppt에 대본 적어서 한명씩 영상 보내는 걸로 할까요...?
3,D(3),자료,동영상
3,D(3),자료,저는 제가 만든 dance floor analogy 부분(4번째) 햇습니다
3,D(3),의견,4번째 하겠습니다
3,D(3),의견,뒤에 analogy 붙는거 보니깐
3,D(3),의견,전자쌍 반발을 dance floor에 비유하는 거 같아서
3,D(3),의견,춤 맞는 것 같아요
3,D(3),대답,옙 올려주세요
3,D(3),의견,앗 그럼 포스터 좀만 고칠까요?
3,D(3),의견,포스터에 있는 글을 고쳐야한다는 말씀이시죠?
3,D(3),대답,옙 알겟슴다
3,D(3),의견,포스터 글 고쳣는데
3,D(3),의견,확인 부탁드립니다
3,D(3),의견,앗 그러면 일단 내보고
3,D(3),의견,슬랙으로 다시 확인 부탁드린다고
3,D(3),의견,해야할까요
3,D(3),잡담,오 부탁드려요
3,D(3),의견,내용은 변하지 않게 바꿔서
3,D(3),의견,괜찮을 것 같긴한데
3,D(3),대답,좋습니당
3,D(3),잡담,이모티콘
3,D(3),잡담,수고하셧습니다~
3,D(3),의견,사진으로 올리면 될꺼 같애요
3,E(3),자료,사진
3,E(3),대답,그런거 같은데
3,E(3),의견 및 일정조율,일단 슬랙에서 각자 의견 얘기해볼까요?
3,E(3),대답,지금 만들고 있어요
3,E(3),자료,https://docs.google.com/document/d/1AkueWYw2JmTrZRIkB1o6g6usyOixc6doSEFa7VYBjRg/edit?usp=sharing
3,E(3),대답,오 너무 좋아요
3,E(3),의견,사진 있으면 넣으면 좋을 거 같아요
3,E(3),대답,넵 좋습니다
3,E(3),의견,완료됐나요?
3,E(3),자료,지피티 킬러도 0퍼에요
3,E(3),의견,이대로 제출하면 될까요?
3,E(3),대답,그렇지 않을까요
3,E(3),의견,제가 할게요
3,E(3),잡담,감사합니다!
3,E(3),대답,좋습니다
3,E(3),의견,일단 제가 real-world relevance 하고 있을게요
3,E(3),대답,네네 맞아요
3,E(3),대답,좋습니당
3,E(3),의견,발표자는 그냥 각자 파트 맡아서 영상찍고
3,E(3),의견,이어붙이려고여
3,E(3),대답,좋네요
3,E(3),의견 및 일정조율,제가 지금 시간이 안돼서 그러는데 영상 내일 보내도 괜찮을까요?
3,E(3),대답,네넵 알겠슴다
3,E(3),자료,동영상
3,E(3),자료,저 6번째 슬라이드 했습니다
3,E(3),자료,사진
3,E(3),자료,이거입니다
3,E(3),의견,제가 2번째 파트 하겠습니다
3,E(3),의견,@영빈 슬랙에 reflection만 적어주심 될거 같아요!
3,E(3),자료,https://docs.google.com/document/d/1X0qLi9nWcaJdcTLyb3O99IHlTzpUZgLchhMOZg-agxU/edit?usp=sharing
3,E(3),자료,reflection입니다
3,E(3),의견,아마 영상도 올려야 될거에요
3,E(3),대답,그런거 같은데요?
3,E(3),잡담,진짜 감사합니다…
3,E(3),대답,잘 된거 같아요
3,F(3),대답,넵! 알바만 끝나고 올리겠습니다
3,F(3),자료,사진
3,F(3),자료,사진
3,F(3),자료,사진
3,F(3),자료,사진
3,F(3),잡담,이거다 과제입니다…
3,F(3),의견 및 일정조율,여러분 저희 내일까지 제출해야되는과제가 있습니다
3,F(3),자료,이거인거같아요
3,F(3),대답,좋습니다
3,F(3),잡담,그럼 오늘
3,F(3),의견 및 일정조율,4시반은 어떠세욮
3,F(3),잡담,?
3,F(3),대답,좋습니다
3,F(3),잡담,그럼
3,F(3),의견 및 일정조율,10분만 기다려주실수 있나요
3,F(3),의견,슬랙 내용좀만 채우려고요
3,F(3),의견,제가 추가해서 내겠습니다
3,F(3),의견,일단 슬랙 내용은 다 붙혔습니다
3,F(3),의견,확인 한번만 해주시면
3,F(3),의견,바로 올리겠습니다
3,F(3),의견,재제출 완료했습니다!
3,F(3),의견 및 일정조율,저희 내일까지 이거 해야되는거같습니다
3,F(3),의견 및 일정조율,내일 낮 12시쯤 온라인으로 하시는거 어떠신가요?
3,F(3),대답,넵
3,F(3),의견 및 일정조율,영상은 어떻게 하실래요??
3,F(3),자료,저번에 그 다른 uss할때
3,F(3),자료,영상에 사람 안나왔다고
3,F(3),자료,혜혹이 점수 안줬다가
3,F(3),자료,저희가 항의하러가서 다시 준적 있거든요
3,F(3),의견,일단 영상에는 전원 나오긴 해야될거같아요..
3,F(3),의견 및 일정조율,자기 역할에 맞는 페이지 하나씩 맡아서 영상찍고
3,F(3),의견 및 일정조율,1페이지 조원 설명 맡으신분이
3,F(3),의견 및 일정조율,영상 편집까지 하는거 어떨까요)?
3,F(3),의견 및 일정조율,저희 제출은 내일까지니까
3,F(3),의견 및 일정조율,편집할 시간 생각해서
3,F(3),의견 및 일정조율,내일 4시까지 올리는거 어떨까요??
3,F(3),잡담,아 그리고 그 대본은
3,F(3),의견,각자쓰면 내용좀 어지러울수도 있으니까
3,F(3),의견,이따가 제가 지피티 한번 돌려서
3,F(3),의견,올리겠습니다!
3,F(3),자료,"English Presentation Script (VSEPR Theory: Linear AX₂) (Everyone introduces themselves briefly before starting.) Slide 1: Title & Introduction (Presenter: Youngbin Seo) ""Hi everyone, we're Group 1 for the VSEPR Theory Team Teaching Project. Today, our group will be teaching you about one of the most fundamental molecular geometries: the Linear shape, also known as AX₂. As you can see on the slide, we've each taken on different roles to prepare this presentation. Our goal today is simple: by the ..."
3,F(3),의견,이 정도 형식으로 하면 될것 같습니다
3,F(3),자료,동영상
3,F(3),자료,이거 슬라이드 번호 뒤에 이름 들어간거는 무시해주시는게 좋을거 같습니다.. Ai가 만든거라 그부분을 확인하지 못하고 올린점 죄송합니다....
3,F(3),잡담,이모티콘
3,F(3),의견,영상은 총 3분일텐데 대본이 생각보다 길어서
3,F(3),의견,촬영하시면서 줄여주시던가
3,F(3),의견,편집자분이 배속 걸어주시는게 좋을거같습니다
3,F(3),자료,제꺼가 5번째 슬라이드입니다
3,F(3),잡담,영상도
3,F(3),자료,Lxp에
3,F(3),의견,제출해야될거같습니다
3,F(3),의견,완성본 올려주실수 있으신가요?
3,F(3),의견,다같이 해야하는건가요?
3,F(3),의견,저희 새로 만들어야하는게
3,F(3),의견,있나요??
3,F(3),의견,영상 새로 다시 만들어야하나요?
3,F(3),자료,오늘까지 피어리뷰 구글폼 하라는거밖에
3,F(3),대답,못찾겠어서요..
3,F(3),잡담,이거말고
3,F(3),의견,또찍어야하는건가요..
3,F(3),의견,저번처럼
3,F(3),의견,각자 찍고 편집할까요?
3,F(3),의견,아직 카톡 안읽으신거 같아서 제가 5번으로 바꾸겠습니다
3,F(3),자료,https://us02web.zoom.us/j/87598461968?pwd=yTyXRYPar9GhKXgkh6Y4SNPLV1c11B.1
3,F(3),자료,"4,5번 입니다"
3,F(3),자료,동영상
3,F(3),의견 및 일정조율,저희 편집은 어떻게 할까요?
3,F(3),자료,사진
3,F(3),자료,파일: 화학프레젠테이션1.pdf
3,F(3),잡담,이미 돌려보셨을거 같긴한데
3,F(3),자료,혹시 몰라서 카피킬러 돌려보니까 0% 나왔습니다
3,F(3),의견,제가 마지막 하겠습니다
3,F(3),의견,혜혹한테 한번더 봐달라고
3,F(3),의견,스레드에 달겠습니다
3,F(3),잡담,아
3,F(3),자료,저희 근데 포스터가 바뀌었는데
3,F(3),의견,영상에서는 옛날꺼로 써졌을텐데
3,F(3),의견,다시찍어야할까요…
3,F(3),의견,제가 편집 조금 해보겠습니다
3,F(3),자료,동영상
3,F(3),의견,된거같습니다
3,F(3),의견,제출해주실수 있나요?
3,F(3),대답,아니요
3,F(3),자료,저희 그 슬랙채널에 교수님께서 말하신거에
3,F(3),자료,스레드로 단건데
3,F(3),자료,그 이후에 뭐가없네요
3,F(3),잡담,늦었다임마
3,F(3),잡담,수고하셨습니다